Rk,Year,Rnd,Pick,Player,Pos,DrAge,Tm,From,To,AP1,PB,St,CarAV,G,GS,QBrec,Cmp,Att,Yds,TD,Int,Rush_Att,Rush_Yds,Rush_TD,College/Univ,Unnamed: 26,pid,height_ft,height_in,weight_lbs,career_anya
1,2019,1,1,Kyler Murray\MurrKy00,QB,22,ARI,2019.0,2019.0,0,0,1,14.0,16.0,16.0,5-10-1,349.0,542.0,3722.0,20.0,12.0,93.0,544.0,4.0,Oklahoma,College Stats,MurrKy00,5.0,10.0,207.0,5.55
2,2019,1,6,Daniel Jones\JoneDa05,QB,22,NYG,2019.0,2019.0,0,0,1,9.0,13.0,12.0,3-9-0,284.0,459.0,3027.0,24.0,12.0,45.0,279.0,2.0,Duke,College Stats,JoneDa05,6.0,5.0,221.0,5.38
3,2019,1,15,Dwayne Haskins\HaskDw00,QB,22,WAS,2019.0,2019.0,0,0,0,3.0,9.0,7.0,2-5-0,119.0,203.0,1365.0,7.0,7.0,20.0,101.0,0.0,Ohio St.,College Stats,HaskDw00,6.0,4.0,230.0,4.25
4,2019,2,42,Drew Lock\LockDr00,QB,22,DEN,2019.0,2019.0,0,0,0,3.0,5.0,5.0,4-1-0,100.0,156.0,1020.0,7.0,3.0,18.0,72.0,0.0,Missouri,College Stats,LockDr00,6.0,4.0,228.0,6.2
5,2019,3,100,Will Grier\GrieWi00,QB,24,CAR,2019.0,2019.0,0,0,0,1.0,2.0,2.0,0-2-0,28.0,52.0,228.0,0.0,4.0,7.0,22.0,0.0,West Virginia,College Stats,GrieWi00,6.0,1.0,220.0,0.07
6,2019,4,104,Ryan Finley\FinlRy00,QB,24,CIN,2019.0,2019.0,0,0,0,1.0,3.0,3.0,0-3-0,41.0,87.0,474.0,2.0,2.0,10.0,77.0,0.0,North Carolina St.,College Stats,FinlRy00,6.0,4.0,207.0,3.38
7,2019,4,133,Jarrett Stidham\StidJa00,QB,23,NWE,2019.0,2019.0,0,0,0,0.0,3.0,0.0,,2.0,4.0,14.0,0.0,1.0,2.0,-2.0,0.0,Auburn,College Stats,StidJa00,6.0,3.0,215.0,-7.6
8,2019,6,178,Gardner Minshew\MinsGa00,QB,23,JAX,2019.0,2019.0,0,0,1,10.0,14.0,12.0,6-6-0,285.0,470.0,3271.0,21.0,6.0,67.0,344.0,0.0,Washington St.,College Stats,MinsGa00,6.0,1.0,225.0,6.44
9,2019,6,197,Trace McSorley\McSoTr00,QB,24,BAL,2019.0,2019.0,0,0,0,0.0,1.0,0.0,,,,,,,1.0,1.0,0.0,Penn St.,College Stats,McSoTr00,6.0,0.0,202.0,
10,2018,1,1,Baker Mayfield\MayfBa00,QB,23,CLE,2018.0,2019.0,0,0,2,21.0,30.0,29.0,12-17-0,627.0,1020.0,7552.0,49.0,35.0,67.0,272.0,3.0,Oklahoma,College Stats,MayfBa00,6.0,1.0,215.0,5.99
11,2018,1,3,Sam Darnold\DarnSa00,QB,21,NYJ,2018.0,2019.0,0,0,2,13.0,26.0,26.0,11-15-0,512.0,855.0,5889.0,36.0,28.0,77.0,200.0,3.0,USC,College Stats,DarnSa00,6.0,3.0,225.0,5.37
12,2018,1,7,Josh Allen\AlleJo02,QB,22,BUF,2018.0,2019.0,0,0,2,17.0,28.0,27.0,15-12-0,440.0,781.0,5163.0,30.0,21.0,198.0,1141.0,17.0,Wyoming,College Stats,AlleJo02,6.0,5.0,237.0,5.16
13,2018,1,10,Josh Rosen\RoseJo01,QB,21,ARI,2018.0,2019.0,0,0,1,3.0,20.0,16.0,3-13-0,275.0,502.0,2845.0,12.0,19.0,26.0,151.0,0.0,UCLA,College Stats,RoseJo01,6.0,4.0,226.0,3.23
14,2018,1,32,Lamar Jackson\JackLa00,QB,21,BAL,2018.0,2019.0,1,1,1,33.0,31.0,22.0,19-3-0,364.0,571.0,4328.0,42.0,9.0,323.0,1901.0,12.0,Louisville,College Stats,JackLa00,6.0,2.0,212.0,7.52
15,2018,3,76,Mason Rudolph\RudoMa00,QB,23,PIT,2019.0,2019.0,0,0,1,3.0,10.0,8.0,5-3-0,176.0,283.0,1765.0,13.0,9.0,21.0,42.0,0.0,Oklahoma St.,College Stats,RudoMa00,6.0,5.0,235.0,5.02
16,2018,4,108,Kyle Lauletta\LaulKy00,QB,23,NYG,2018.0,2018.0,0,0,0,0.0,2.0,0.0,,0.0,5.0,0.0,0.0,1.0,1.0,-2.0,0.0,Richmond,,LaulKy00,6.0,2.0,222.0,-9.0
17,2018,5,171,Mike White\WhitMi01,QB,23,DAL,,,0,0,0,,,,,,,,,,,,,Western Kentucky,College Stats,WhitMi01,6.0,4.0,224.0,
18,2018,6,199,Luke Falk\FalkLu00,QB,23,TEN,2019.0,2019.0,0,0,0,1.0,3.0,2.0,0-2-0,47.0,73.0,416.0,0.0,3.0,,,,Washington St.,College Stats,FalkLu00,6.0,4.0,215.0,2.08
19,2018,6,203,Tanner Lee\LeexTa00,QB,23,JAX,,,0,0,0,,,,,,,,,,,,,Nebraska,College Stats,LeexTa00,6.0,4.0,220.0,
20,2018,7,219,Danny Etling\EtliDa00,QB,24,NWE,,,0,0,0,,,,,,,,,,,,,LSU,College Stats,EtliDa00,6.0,3.0,220.0,
21,2018,7,220,Alex McGough\McGoAl00,QB,22,SEA,,,0,0,0,,,,,,,,,,,,,Florida International,College Stats,McGoAl00,6.0,3.0,214.0,
22,2018,7,249,Logan Woodside\WoodLo00,QB,23,CIN,,,0,0,0,,,,,,,,,,,,,Toledo,College Stats,WoodLo00,6.0,1.0,213.0,
23,2017,1,2,Mitchell Trubisky\TrubMi00,QB,23,CHI,2017.0,2019.0,0,1,3,27.0,41.0,41.0,23-18-0,811.0,1280.0,8554.0,48.0,29.0,157.0,862.0,7.0,North Carolina,College Stats,TrubMi00,6.0,2.0,215.0,5.56
24,2017,1,10,Patrick Mahomes\MahoPa00,QB,21,KAN,2017.0,2019.0,1,2,2,39.0,31.0,31.0,24-7-0,724.0,1099.0,9412.0,76.0,18.0,110.0,500.0,4.0,Texas Tech,College Stats,MahoPa00,6.0,3.0,230.0,8.57
25,2017,1,12,Deshaun Watson\WatsDe00,QB,21,HOU,2017.0,2019.0,0,2,2,38.0,38.0,37.0,24-13-0,804.0,1204.0,9716.0,71.0,29.0,217.0,1233.0,14.0,Clemson,College Stats,WatsDe00,6.0,2.0,220.0,6.83
26,2017,2,52,DeShone Kizer\KizeDe00,QB,21,CLE,2017.0,2018.0,0,0,1,6.0,18.0,15.0,0-15-0,275.0,518.0,3081.0,11.0,24.0,82.0,458.0,5.0,Notre Dame,College Stats,KizeDe00,6.0,4.0,235.0,3.49
27,2017,3,87,Davis Webb\WebbDa00,QB,22,NYG,,,0,0,0,,,,,,,,,,,,,California,College Stats,WebbDa00,6.0,5.0,225.0,
28,2017,3,104,C.J. Beathard\BeatC.00,QB,23,SFO,2017.0,2018.0,0,0,0,7.0,13.0,10.0,1-9-0,225.0,393.0,2682.0,12.0,13.0,45.0,205.0,4.0,Iowa,College Stats,BeatC.00,6.0,2.0,215.0,4.74
29,2017,4,135,Joshua Dobbs\DobbJo00,QB,22,PIT,2018.0,2018.0,0,0,0,0.0,5.0,0.0,,6.0,12.0,43.0,0.0,1.0,4.0,11.0,0.0,Tennessee,College Stats,DobbJo00,6.0,3.0,216.0,-0.17
30,2017,5,171,Nathan Peterman\PeteNa00,QB,23,BUF,2017.0,2018.0,0,0,0,2.0,8.0,4.0,1-3-0,68.0,130.0,548.0,3.0,12.0,17.0,73.0,1.0,Pittsburgh,College Stats,PeteNa00,6.0,2.0,225.0,0.21
31,2017,6,215,Brad Kaaya\KaayBr00,QB,22,DET,,,0,0,0,,,,,,,,,,,,,Miami (FL),College Stats,KaayBr00,6.0,4.0,215.0,
32,2017,7,253,Chad Kelly\KellCh00,QB,23,DEN,2018.0,2018.0,0,0,0,0.0,1.0,0.0,,,,,,,1.0,-1.0,0.0,Mississippi,College Stats,KellCh00,6.0,2.0,216.0,
33,2016,1,1,Jared Goff\GoffJa00,QB,21,LAR,2016.0,2019.0,0,2,3,41.0,54.0,54.0,33-21-0,1166.0,1869.0,14219.0,87.0,42.0,112.0,215.0,6.0,California,College Stats,GoffJa00,6.0,4.0,222.0,6.73
34,2016,1,2,Carson Wentz\WentCa00,QB,23,PHI,2016.0,2019.0,0,1,4,42.0,56.0,56.0,32-24-0,1311.0,2055.0,14191.0,97.0,35.0,206.0,785.0,3.0,North Dakota St.,College Stats,WentCa00,6.0,5.0,237.0,6.3
35,2016,1,26,Paxton Lynch\LyncPa00,QB,22,DEN,2016.0,2017.0,0,0,0,2.0,5.0,4.0,1-3-0,79.0,128.0,792.0,4.0,4.0,16.0,55.0,0.0,Memphis,College Stats,LyncPa00,6.0,7.0,244.0,4.1
36,2016,2,51,Christian Hackenberg\HackCh01,QB,21,NYJ,,,0,0,0,,,,,,,,,,,,,Penn St.,College Stats,HackCh01,6.0,4.0,228.0,
37,2016,3,91,Jacoby Brissett\BrisJa00,QB,23,NWE,2016.0,2019.0,0,0,2,23.0,38.0,32.0,12-20-0,584.0,975.0,6442.0,31.0,13.0,142.0,564.0,9.0,North Carolina St.,College Stats,BrisJa00,6.0,4.0,238.0,5.63
38,2016,3,93,Cody Kessler\KessCo00,QB,23,CLE,2016.0,2018.0,0,0,1,5.0,17.0,12.0,2-10-0,224.0,349.0,2215.0,8.0,5.0,31.0,140.0,0.0,USC,College Stats,KessCo00,6.0,1.0,215.0,4.56
39,2016,4,100,Connor Cook\CookCo00,QB,23,OAK,2016.0,2016.0,0,0,0,0.0,1.0,0.0,,14.0,21.0,150.0,1.0,1.0,,,,Michigan St.,College Stats,CookCo00,6.0,4.0,215.0,5.13
40,2016,4,135,Dak Prescott\PresDa01,QB,23,DAL,2016.0,2019.0,0,2,4,56.0,64.0,64.0,40-24-0,1363.0,2071.0,15778.0,97.0,36.0,241.0,1221.0,21.0,Mississippi St.,College Stats,PresDa01,6.0,2.0,238.0,6.92
41,2016,4,139,Cardale Jones\JoneCa01,QB,23,BUF,2016.0,2016.0,0,0,0,0.0,1.0,0.0,,6.0,11.0,96.0,0.0,1.0,1.0,-1.0,0.0,Ohio St.,College Stats,JoneCa01,6.0,5.0,250.0,4.08
42,2016,5,162,Kevin Hogan\HogaKe00,QB,23,KAN,2016.0,2017.0,0,0,0,2.0,8.0,1.0,0-1-0,60.0,101.0,621.0,4.0,7.0,18.0,176.0,1.0,Stanford,College Stats,HogaKe00,6.0,3.0,218.0,3.13
43,2016,6,187,Nate Sudfeld\SudfNa00,QB,22,WAS,2017.0,2018.0,0,0,0,1.0,3.0,0.0,,20.0,25.0,156.0,1.0,0.0,3.0,20.0,0.0,Indiana,College Stats,SudfNa00,6.0,6.0,227.0,5.43
44,2016,6,191,Jake Rudock\RudoJa00,QB,23,DET,2017.0,2017.0,0,0,0,0.0,3.0,0.0,,3.0,5.0,24.0,0.0,1.0,,,,Michigan,College Stats,RudoJa00,6.0,3.0,212.0,-4.2
45,2016,6,201,Brandon Allen\AlleBr00,QB,24,JAX,2019.0,2019.0,0,0,0,2.0,3.0,3.0,1-2-0,39.0,84.0,515.0,3.0,2.0,10.0,39.0,0.0,Arkansas,College Stats,AlleBr00,6.0,2.0,209.0,4.58
46,2016,6,207,Jeff Driskel\DrisJe00,QB,23,SFO,2018.0,2019.0,0,0,0,5.0,12.0,8.0,1-7-0,167.0,281.0,1688.0,10.0,6.0,47.0,281.0,3.0,Louisiana Tech,College Stats,DrisJe00,6.0,4.0,235.0,4.71
47,2015,1,1,Jameis Winston\WinsJa00,QB,21,TAM,2015.0,2019.0,0,1,5,54.0,72.0,70.0,28-42-0,1563.0,2548.0,19737.0,121.0,88.0,248.0,1044.0,10.0,Florida St.,College Stats,WinsJa00,6.0,4.0,231.0,6.3
48,2015,1,2,Marcus Mariota\MariMa01,QB,21,TEN,2015.0,2019.0,0,0,4,44.0,63.0,61.0,29-32-0,1110.0,1765.0,13207.0,76.0,44.0,242.0,1399.0,11.0,Oregon,College Stats,MariMa01,6.0,4.0,222.0,6.12
49,2015,3,75,Garrett Grayson\GrayGa00,QB,24,NOR,2015.0,2015.0,0,0,0,0.0,1.0,0.0,,,,,,,,,,Colorado St.,College Stats,GrayGa00,6.0,2.0,220.0,
50,2015,3,89,Sean Mannion\MannSe00,QB,23,STL,2015.0,2019.0,0,0,0,1.0,13.0,2.0,0-2-0,45.0,74.0,384.0,0.0,3.0,23.0,-17.0,0.0,Oregon St.,College Stats,MannSe00,6.0,6.0,230.0,2.97
51,2015,4,103,Bryce Petty\PettBr01,QB,24,NYJ,2016.0,2017.0,0,0,0,4.0,10.0,7.0,1-6-0,130.0,245.0,1353.0,4.0,10.0,12.0,74.0,0.0,Baylor,College Stats,PettBr01,6.0,3.0,226.0,3.19
52,2015,5,147,Brett Hundley\HundBr00,QB,22,GNB,2016.0,2019.0,0,0,1,5.0,18.0,9.0,3-6-0,199.0,337.0,1902.0,9.0,13.0,46.0,309.0,2.0,UCLA,College Stats,HundBr00,6.0,3.0,226.0,3.5
53,2015,7,250,Trevor Siemian\SiemTr00,QB,23,DEN,2015.0,2019.0,0,0,2,13.0,27.0,25.0,13-12-0,498.0,841.0,5689.0,30.0,24.0,60.0,183.0,1.0,Northwestern,College Stats,SiemTr00,6.0,3.0,220.0,5.28
54,2014,1,3,Blake Bortles\BortBl00,QB,22,JAX,2014.0,2019.0,0,0,5,44.0,78.0,73.0,24-49-0,1562.0,2634.0,17649.0,103.0,75.0,283.0,1766.0,8.0,Central Florida,College Stats,BortBl00,6.0,5.0,236.0,5.36
55,2014,1,22,Johnny Manziel\ManzJo00,QB,21,CLE,2014.0,2015.0,0,0,0,5.0,15.0,8.0,2-6-0,147.0,258.0,1675.0,7.0,7.0,46.0,259.0,1.0,Texas A&M,College Stats,ManzJo00,6.0,0.0,207.0,4.76
56,2014,1,32,Teddy Bridgewater\BridTe00,QB,21,MIN,2014.0,2019.0,0,1,2,27.0,44.0,34.0,22-12-0,698.0,1070.0,7652.0,38.0,25.0,133.0,434.0,4.0,Louisville,College Stats,BridTe00,6.0,2.0,215.0,5.68
57,2014,2,36,Derek Carr\CarrDe02,QB,23,OAK,2014.0,2019.0,0,3,6,55.0,94.0,94.0,39-55-0,2120.0,3313.0,22793.0,143.0,62.0,175.0,495.0,3.0,Fresno St.,College Stats,CarrDe02,6.0,3.0,210.0,6.26
58,2014,2,62,Jimmy Garoppolo\GaroJi00,QB,22,NWE,2014.0,2019.0,0,0,1,24.0,42.0,26.0,21-5-0,565.0,837.0,6946.0,44.0,21.0,94.0,116.0,2.0,East. Illinois,,GaroJi00,6.0,2.0,225.0,7.14
59,2014,4,120,Logan Thomas\ThomLo00,QB,23,ARI,2014.0,2019.0,0,0,0,3.0,42.0,8.0,,2.0,10.0,96.0,1.0,0.0,,,,Virginia Tech,College Stats,ThomLo00,6.0,6.0,250.0,
60,2014,4,135,Tom Savage\SavaTo00,QB,24,HOU,2014.0,2017.0,0,0,1,4.0,13.0,9.0,2-7-0,181.0,315.0,2000.0,5.0,7.0,16.0,8.0,0.0,Pittsburgh,College Stats,SavaTo00,6.0,4.0,230.0,4.63
61,2014,5,163,Aaron Murray\MurrAa00,QB,23,KAN,2014.0,2014.0,0,0,0,0.0,0.0,,,,,,,,,,,Georgia,College Stats,MurrAa00,6.0,1.0,207.0,
62,2014,5,164,A.J. McCarron\McCaA.00,QB,23,CIN,2014.0,2019.0,0,0,0,4.0,15.0,4.0,2-2-0,108.0,173.0,1153.0,6.0,3.0,22.0,68.0,1.0,Alabama,College Stats,McCaA.00,6.0,3.0,215.0,5.29
63,2014,6,178,Zach Mettenberger\MettZa00,QB,23,TEN,2014.0,2015.0,0,0,1,1.0,14.0,10.0,0-10-0,208.0,345.0,2347.0,12.0,14.0,14.0,12.0,1.0,LSU,College Stats,MettZa00,6.0,5.0,224.0,4.58
64,2014,6,183,David Fales\FaleDa00,QB,23,CHI,2014.0,2019.0,0,0,0,1.0,5.0,0.0,,31.0,48.0,287.0,1.0,1.0,5.0,8.0,1.0,San Jose St.,College Stats,FaleDa00,6.0,2.0,210.0,4.75
65,2014,6,194,Keith Wenning\WennKe00,QB,23,BAL,2014.0,2014.0,0,0,0,0.0,0.0,,,,,,,,,,,Ball St.,College Stats,WennKe00,6.0,3.0,218.0,
66,2014,6,214,Garrett Gilbert\GilbGa01,QB,23,STL,2014.0,2019.0,0,0,0,0.0,6.0,0.0,,2.0,6.0,40.0,0.0,0.0,3.0,-3.0,0.0,SMU,College Stats,GilbGa01,6.0,4.0,230.0,5.0
67,2013,1,16,EJ Manuel\ManuEJ00,QB,23,BUF,2013.0,2017.0,0,0,1,10.0,30.0,18.0,6-12-0,343.0,590.0,3767.0,20.0,16.0,96.0,339.0,4.0,Florida St.,College Stats,ManuEJ00,6.0,4.0,237.0,4.95
68,2013,2,39,Geno Smith\SmitGe00,QB,22,NYJ,2013.0,2018.0,0,0,2,15.0,40.0,31.0,12-19-0,523.0,906.0,6182.0,29.0,36.0,147.0,661.0,7.0,West Virginia,College Stats,SmitGe00,6.0,3.0,221.0,4.65
69,2013,3,73,Mike Glennon\GlenMi00,QB,23,TAM,2013.0,2019.0,0,0,1,13.0,29.0,22.0,6-16-0,488.0,801.0,5163.0,36.0,20.0,43.0,90.0,0.0,North Carolina St.,College Stats,GlenMi00,6.0,7.0,225.0,5.19
70,2013,4,98,Matt Barkley\BarkMa00,QB,22,PHI,2013.0,2019.0,0,0,1,4.0,14.0,7.0,2-5-0,201.0,342.0,2502.0,10.0,21.0,17.0,-6.0,0.0,USC,College Stats,BarkMa00,6.0,2.0,234.0,4.72
71,2013,4,110,Ryan Nassib\NassRy00,QB,23,NYG,2014.0,2015.0,0,0,0,0.0,5.0,0.0,,9.0,10.0,128.0,1.0,0.0,2.0,-3.0,0.0,Syracuse,College Stats,NassRy00,6.0,2.0,227.0,11.42
72,2013,4,112,Tyler Wilson\WilsTy00,QB,24,OAK,,,0,0,0,,,,,,,,,,,,,Arkansas,College Stats,WilsTy00,6.0,2.0,215.0,
73,2013,4,115,Landry Jones\JoneLa02,QB,24,PIT,2013.0,2017.0,0,0,0,4.0,19.0,5.0,3-2-0,108.0,169.0,1310.0,8.0,7.0,19.0,-19.0,0.0,Oklahoma,College Stats,JoneLa02,6.0,4.0,225.0,6.12
74,2013,7,221,Brad Sorensen\SoreBr00,QB,25,SDG,2014.0,2014.0,0,0,0,0.0,0.0,,,,,,,,,,,Southern Utah,,SoreBr00,6.0,5.0,229.0,
75,2013,7,234,Zac Dysert\DyseZa00,QB,23,DEN,2014.0,2014.0,0,0,0,0.0,0.0,,,,,,,,,,,Miami (OH),College Stats,DyseZa00,6.0,3.0,231.0,
76,2013,7,237,B.J. Daniels\DaniB.00,QB,24,SFO,2014.0,2015.0,0,0,0,0.0,8.0,0.0,,1.0,2.0,7.0,0.0,0.0,6.0,6.0,0.0,South Florida,College Stats,DaniB.00,5.0,11.0,217.0,
77,2013,7,249,Sean Renfree\RenfSe00,QB,23,ATL,2014.0,2015.0,0,0,0,0.0,2.0,0.0,,3.0,7.0,11.0,0.0,1.0,1.0,-4.0,0.0,Duke,College Stats,RenfSe00,6.0,3.0,219.0,-5.67
78,2012,1,1,Andrew Luck\LuckAn00,QB,22,IND,2012.0,2018.0,0,4,5,71.0,86.0,86.0,53-33-0,2000.0,3290.0,23671.0,171.0,83.0,332.0,1590.0,14.0,Stanford,College Stats,LuckAn00,6.0,4.0,240.0,6.42
79,2012,1,2,Robert Griffin\GrifRo01,QB,22,WAS,2012.0,2019.0,0,1,3,36.0,52.0,41.0,16-25-0,791.0,1254.0,9229.0,43.0,28.0,295.0,1740.0,10.0,Baylor,College Stats,GrifRo01,6.0,2.0,213.0,5.76
80,2012,1,8,Ryan Tannehill\TannRy00,QB,24,MIA,2012.0,2019.0,0,1,7,63.0,100.0,98.0,49-49-0,2030.0,3197.0,23176.0,145.0,81.0,291.0,1395.0,10.0,Texas A&M,College Stats,TannRy00,6.0,4.0,207.0,5.85
81,2012,1,22,Brandon Weeden\WeedBr00,QB,28,CLE,2012.0,2018.0,0,0,1,14.0,35.0,25.0,6-19-0,559.0,965.0,6462.0,31.0,30.0,62.0,200.0,1.0,Oklahoma St.,College Stats,WeedBr00,6.0,3.0,227.0,5.12
82,2012,2,57,Brock Osweiler\OsweBr00,QB,21,DEN,2012.0,2018.0,0,0,1,14.0,49.0,30.0,15-15-0,697.0,1165.0,7418.0,37.0,31.0,92.0,266.0,4.0,Arizona St.,College Stats,OsweBr00,6.0,7.0,240.0,4.99
83,2012,3,75,Russell Wilson\WilsRu00,QB,23,SEA,2012.0,2019.0,0,6,8,108.0,128.0,128.0,86-41-1,2436.0,3777.0,29734.0,227.0,68.0,720.0,3993.0,19.0,Wisconsin,College Stats,WilsRu00,5.0,11.0,215.0,7.02
84,2012,3,88,Nick Foles\FoleNi00,QB,23,PHI,2012.0,2019.0,0,1,3,29.0,58.0,48.0,26-22-0,1051.0,1698.0,11901.0,71.0,35.0,129.0,390.0,5.0,Arizona,College Stats,FoleNi00,6.0,6.0,243.0,6.18
85,2012,4,102,Kirk Cousins\CousKi00,QB,24,WAS,2012.0,2019.0,0,2,5,62.0,93.0,88.0,44-42-2,2104.0,3146.0,24107.0,155.0,71.0,198.0,565.0,15.0,Michigan St.,College Stats,CousKi00,6.0,3.0,202.0,6.84
86,2012,6,185,Ryan Lindley\LindRy00,QB,23,ARI,2012.0,2015.0,0,0,0,-4.0,10.0,6.0,1-5-0,140.0,274.0,1372.0,3.0,11.0,4.0,7.0,0.0,San Diego St.,College Stats,LindRy00,6.0,3.0,229.0,2.74
87,2012,7,243,B.J. Coleman\ColeB.00,QB,23,GNB,2012.0,2012.0,0,0,0,0.0,,,,,,,,,,,,Tenn-Chattanooga,,ColeB.00,6.0,3.0,233.0,
88,2012,7,253,Chandler Harnish\HarnCh00,QB,24,IND,2012.0,2014.0,0,0,0,0.0,0.0,,,,,,,,,,,Northern Illinois,College Stats,HarnCh00,6.0,2.0,219.0,
89,2011,1,1,Cam Newton\NewtCa00,QB,22,CAR,2011.0,2019.0,1,3,8,104.0,125.0,124.0,68-55-1,2371.0,3980.0,29041.0,182.0,108.0,934.0,4806.0,58.0,Auburn,College Stats,NewtCa00,6.0,5.0,245.0,6.0
90,2011,1,8,Jake Locker\LockJa00,QB,23,TEN,2011.0,2014.0,0,0,1,15.0,30.0,23.0,9-14-0,408.0,709.0,4967.0,27.0,22.0,95.0,644.0,5.0,Washington,College Stats,LockJa00,6.0,2.0,228.0,5.38
91,2011,1,10,Blaine Gabbert\GabbBl00,QB,21,JAX,2011.0,2018.0,0,0,2,16.0,56.0,48.0,13-35-0,842.0,1498.0,9063.0,48.0,47.0,177.0,631.0,3.0,Missouri,College Stats,GabbBl00,6.0,4.0,235.0,4.27
92,2011,1,12,Christian Ponder\PondCh00,QB,23,MIN,2011.0,2014.0,0,0,3,22.0,38.0,36.0,14-21-1,632.0,1057.0,6658.0,38.0,36.0,126.0,639.0,7.0,Florida St.,College Stats,PondCh00,6.0,2.0,222.0,4.6
93,2011,2,35,Andy Dalton\DaltAn00,QB,23,CIN,2011.0,2019.0,0,3,9,81.0,133.0,133.0,70-61-2,2757.0,4449.0,31594.0,204.0,118.0,394.0,1221.0,22.0,TCU,College Stats,DaltAn00,6.0,2.0,220.0,6.06
94,2011,2,36,Colin Kaepernick\KaepCo00,QB,23,SFO,2011.0,2016.0,0,0,4,45.0,69.0,58.0,28-30-0,1011.0,1692.0,12271.0,72.0,30.0,375.0,2300.0,13.0,Nevada,College Stats,KaepCo00,6.0,4.0,225.0,6.07
95,2011,3,74,Ryan Mallett\MallRy00,QB,23,NWE,2012.0,2017.0,0,0,0,4.0,21.0,8.0,3-5-0,190.0,345.0,1835.0,9.0,10.0,28.0,-5.0,1.0,Arkansas,College Stats,MallRy00,6.0,6.0,240.0,4.34
96,2011,5,135,Ricky Stanzi\StanRi00,QB,24,KAN,2012.0,2014.0,0,0,0,0.0,0.0,,,,,,,,,,,Iowa,College Stats,StanRi00,6.0,4.0,223.0,
97,2011,5,152,T.J. Yates\YateT.00,QB,24,HOU,2011.0,2017.0,0,0,0,6.0,22.0,10.0,4-6-0,179.0,324.0,2057.0,10.0,11.0,28.0,107.0,1.0,North Carolina,College Stats,YateT.00,6.0,4.0,215.0,4.37
98,2011,5,160,Nathan Enderle\EndeNa00,QB,23,CHI,,,0,0,0,,,,,,,,,,,,,Idaho,College Stats,EndeNa00,6.0,4.0,240.0,
99,2011,6,180,Tyrod Taylor\TaylTy00,QB,22,BAL,2011.0,2019.0,0,1,3,41.0,70.0,46.0,23-21-1,839.0,1362.0,9562.0,54.0,20.0,336.0,1843.0,16.0,Virginia Tech,College Stats,TaylTy00,6.0,1.0,217.0,5.96
100,2011,7,208,Greg McElroy\McElGr00,QB,23,NYJ,2012.0,2012.0,0,0,0,1.0,2.0,1.0,0-1-0,19.0,31.0,214.0,1.0,1.0,8.0,30.0,0.0,Alabama,College Stats,McElGr00,6.0,2.0,222.0,2.81
101,2010,1,1,Sam Bradford\BradSa00,QB,22,STL,2010.0,2018.0,0,0,5,44.0,83.0,83.0,34-48-1,1855.0,2967.0,19449.0,103.0,61.0,146.0,340.0,2.0,Oklahoma,College Stats,BradSa00,6.0,4.0,224.0,5.5
102,2010,1,25,Tim Tebow\TeboTi00,QB,23,DEN,2010.0,2012.0,0,0,1,12.0,35.0,16.0,8-6-0,173.0,361.0,2422.0,17.0,9.0,197.0,989.0,12.0,Florida,College Stats,TeboTi00,6.0,2.0,236.0,5.22
103,2010,2,48,Jimmy Clausen\ClauJi00,QB,22,CAR,2010.0,2015.0,0,0,1,3.0,22.0,14.0,1-13-0,255.0,472.0,2520.0,7.0,14.0,37.0,102.0,0.0,Notre Dame,College Stats,ClauJi00,6.0,3.0,217.0,3.4
104,2010,3,85,Colt McCoy\McCoCo00,QB,24,CLE,2010.0,2019.0,0,0,2,13.0,39.0,28.0,7-21-0,560.0,923.0,6080.0,29.0,27.0,130.0,497.0,2.0,Texas,College Stats,McCoCo00,6.0,1.0,212.0,4.85
105,2010,4,122,Mike Kafka\KafkMi00,QB,23,PHI,2011.0,2014.0,0,0,0,0.0,4.0,0.0,,11.0,16.0,107.0,0.0,2.0,3.0,0.0,0.0,Northwestern,College Stats,KafkMi00,6.0,3.0,216.0,0.65
106,2010,5,155,John Skelton\SkelJo00,QB,22,ARI,2010.0,2012.0,0,0,1,4.0,20.0,17.0,8-9-0,320.0,602.0,3707.0,15.0,25.0,42.0,182.0,0.0,Fordham,,SkelJo00,6.0,5.0,244.0,3.94
107,2010,5,168,Jonathan Crompton\CromJo00,QB,23,SDG,,,0,0,0,,,,,,,,,,,,,Tennessee,,CromJo00,6.0,3.0,222.0,
108,2010,6,176,Rusty Smith\SmitRu01,QB,23,TEN,2010.0,2012.0,0,0,0,1.0,3.0,1.0,0-1-0,23.0,45.0,234.0,0.0,4.0,,,,Florida Atlantic,College Stats,SmitRu01,6.0,5.0,212.0,1.17
109,2010,6,181,Dan LeFevour\LeFeDa00,QB,23,CHI,,,0,0,0,,,,,,,,,,,,,Central Michigan,,LeFeDa00,6.0,3.0,230.0,
110,2010,6,204,Tony Pike\PikeTo00,QB,24,CAR,2010.0,2010.0,0,0,0,0.0,1.0,0.0,,6.0,12.0,47.0,0.0,0.0,,,,Cincinnati,College Stats,PikeTo00,6.0,5.0,212.0,2.85
111,2010,7,209,Levi Brown\BrowLe00,QB,23,BUF,2010.0,2010.0,0,0,0,0.0,1.0,0.0,,2.0,3.0,24.0,0.0,1.0,,,,Troy,College Stats,BrowLe00,6.0,3.0,229.0,-7.0
112,2010,7,250,Zac Robinson\RobiZa00,QB,23,NWE,2012.0,2012.0,0,0,0,0.0,,,,,,,,,,,,Oklahoma St.,,RobiZa00,6.0,3.0,218.0,
113,2009,1,1,Matthew Stafford\StafMa00,QB,21,DET,2009.0,2019.0,0,1,10,95.0,149.0,149.0,69-79-1,3559.0,5696.0,41025.0,256.0,134.0,316.0,1086.0,14.0,Georgia,College Stats,StafMa00,6.0,3.0,220.0,6.27
114,2009,1,5,Mark Sanchez\SancMa00,QB,22,NYJ,2009.0,2018.0,0,0,4,34.0,79.0,73.0,37-36-0,1314.0,2320.0,15357.0,86.0,89.0,170.0,457.0,13.0,USC,College Stats,SancMa00,6.0,2.0,232.0,4.82
115,2009,1,17,Josh Freeman\FreeJo00,QB,21,TAM,2009.0,2015.0,0,0,4,38.0,62.0,61.0,25-36-0,1179.0,2048.0,13873.0,81.0,68.0,205.0,946.0,4.0,Kansas St.,College Stats,FreeJo00,6.0,6.0,240.0,5.44
116,2009,2,44,Pat White\WhitPa01,QB,23,MIA,2009.0,2009.0,0,0,0,1.0,13.0,0.0,,0.0,5.0,0.0,0.0,0.0,21.0,81.0,0.0,West Virginia,College Stats,WhitPa01,6.0,0.0,190.0,
117,2009,4,101,Stephen McGee\McGeSt00,QB,23,DAL,2010.0,2011.0,0,0,0,2.0,3.0,1.0,1-0-0,46.0,82.0,420.0,3.0,0.0,17.0,102.0,0.0,Texas A&M,College Stats,McGeSt00,6.0,2.0,223.0,4.89
118,2009,5,151,Rhett Bomar\BomaRh00,QB,24,NYG,,,0,0,0,,,,,,,,,,,,,Sam Houston St.,,BomaRh00,6.0,2.0,225.0,
119,2009,5,171,Nate Davis\DaviNa00,QB,22,SFO,,,0,0,0,,,,,,,,,,,,,Ball St.,,DaviNa00,6.0,2.0,226.0,
120,2009,6,174,Tom Brandstater\BranTo00,QB,24,DEN,2011.0,2011.0,0,0,0,0.0,1.0,0.0,,0.0,2.0,0.0,0.0,0.0,,,,Fresno St.,College Stats,BranTo00,6.0,5.0,215.0,0.0
121,2009,6,178,Mike Teel\TeelMi00,QB,23,SEA,,,0,0,0,,,,,,,,,,,,,Rutgers,,TeelMi00,6.0,4.0,220.0,
122,2009,6,196,Keith Null\NullKe00,QB,23,STL,2009.0,2009.0,0,0,0,1.0,4.0,4.0,0-4-0,73.0,119.0,566.0,3.0,9.0,5.0,6.0,0.0,West Texas A&M,,NullKe00,6.0,4.0,222.0,1.05
123,2009,6,201,Curtis Painter\PainCu00,QB,24,IND,2009.0,2013.0,0,0,1,2.0,14.0,8.0,0-8-0,148.0,287.0,1681.0,6.0,13.0,23.0,109.0,0.0,Purdue,College Stats,PainCu00,6.0,4.0,230.0,3.55
124,2008,1,3,Matt Ryan\RyanMa00,QB,23,ATL,2008.0,2019.0,1,4,12,135.0,189.0,189.0,109-80-0,4460.0,6817.0,51186.0,321.0,147.0,418.0,1295.0,9.0,Boston Col.,College Stats,RyanMa00,6.0,4.0,217.0,6.76
125,2008,1,18,Joe Flacco\FlacJo00,QB,23,BAL,2008.0,2019.0,0,0,12,92.0,171.0,171.0,98-73-0,3670.0,5932.0,40067.0,218.0,141.0,357.0,831.0,16.0,Delaware,College Stats,FlacJo00,6.0,6.0,245.0,5.65
126,2008,2,56,Brian Brohm\BrohBr00,QB,22,GNB,2009.0,2010.0,0,0,0,0.0,3.0,2.0,0-2-0,27.0,52.0,252.0,0.0,5.0,3.0,-3.0,0.0,Louisville,College Stats,BrohBr00,6.0,3.0,227.0,0.25
127,2008,2,57,Chad Henne\HennCh01,QB,23,MIA,2008.0,2018.0,0,0,3,27.0,68.0,53.0,18-35-0,1161.0,1959.0,12960.0,58.0,63.0,123.0,358.0,3.0,Michigan,College Stats,HennCh01,6.0,3.0,222.0,4.91
128,2008,3,94,Kevin O'Connell\OConKe00,QB,23,NWE,2008.0,2008.0,0,0,0,0.0,2.0,0.0,,4.0,6.0,23.0,0.0,0.0,3.0,-6.0,0.0,San Diego St.,College Stats,OConKe00,6.0,5.0,225.0,3.0
129,2008,5,156,Dennis Dixon\DixoDe00,QB,23,PIT,2008.0,2014.0,0,0,0,2.0,4.0,3.0,2-1-0,35.0,59.0,402.0,1.0,2.0,10.0,56.0,1.0,Oregon,College Stats,DixoDe00,6.0,3.0,195.0,4.55
130,2008,5,160,Josh Johnson\JohnJo05,QB,22,TAM,2009.0,2018.0,0,0,0,6.0,33.0,8.0,1-7-0,148.0,268.0,1632.0,8.0,14.0,67.0,394.0,1.0,San Diego,,JohnJo05,6.0,3.0,219.0,3.39
131,2008,5,162,Erik Ainge\AingEr00,QB,22,NYJ,,,0,0,0,,,,,,,,,,,,,Tennessee,College Stats,AingEr00,6.0,5.0,225.0,
132,2008,6,186,Colt Brennan\BrenCo00,QB,25,WAS,,,0,0,0,,,,,,,,,,,,,Hawaii,College Stats,BrenCo00,6.0,2.0,207.0,
133,2008,6,198,Andre Woodson\WoodAn00,QB,24,NYG,,,0,0,0,,,,,,,,,,,,,Kentucky,College Stats,WoodAn00,6.0,4.0,229.0,
134,2008,7,209,Matt Flynn\FlynMa00,QB,23,GNB,2008.0,2014.0,0,0,0,8.0,53.0,7.0,3-4-0,219.0,357.0,2541.0,17.0,11.0,65.0,69.0,1.0,LSU,College Stats,FlynMa00,6.0,2.0,228.0,5.5
135,2008,7,223,Alex Brink\BrinAl00,QB,23,HOU,,,0,0,0,,,,,,,,,,,,,Washington St.,College Stats,BrinAl00,6.0,2.0,211.0,
136,2007,1,1,JaMarcus Russell\RussJa00,QB,22,OAK,2007.0,2009.0,0,0,2,6.0,31.0,25.0,7-18-0,354.0,680.0,4083.0,18.0,23.0,40.0,175.0,1.0,LSU,College Stats,RussJa00,6.0,6.0,265.0,3.93
137,2007,1,22,Brady Quinn\QuinBr00,QB,22,CLE,2007.0,2012.0,0,0,1,2.0,24.0,20.0,4-16-0,296.0,550.0,3043.0,12.0,17.0,44.0,185.0,1.0,Notre Dame,College Stats,QuinBr00,6.0,4.0,232.0,3.86
138,2007,2,36,Kevin Kolb\KolbKe00,QB,23,PHI,2007.0,2012.0,0,0,1,12.0,34.0,21.0,9-12-0,449.0,755.0,5206.0,28.0,25.0,69.0,229.0,2.0,Houston,College Stats,KolbKe00,6.0,3.0,218.0,4.96
139,2007,2,40,John Beck\BeckJo00,QB,26,MIA,2007.0,2011.0,0,0,0,4.0,9.0,7.0,0-7-0,140.0,239.0,1417.0,3.0,7.0,19.0,55.0,3.0,BYU,College Stats,BeckJo00,6.0,2.0,215.0,3.81
140,2007,2,43,Drew Stanton\StanDr00,QB,23,DET,2008.0,2017.0,0,0,1,10.0,38.0,17.0,11-6-0,345.0,659.0,4059.0,20.0,24.0,80.0,220.0,2.0,Michigan St.,College Stats,StanDr00,6.0,3.0,226.0,4.52
141,2007,3,92,Trent Edwards\EdwaTr01,QB,23,BUF,2007.0,2012.0,0,0,2,17.0,38.0,33.0,14-19-0,563.0,929.0,6033.0,26.0,30.0,78.0,330.0,3.0,Stanford,College Stats,EdwaTr01,6.0,4.0,231.0,4.73
142,2007,4,103,Isaiah Stanback\StanIs00,QB,23,DAL,2007.0,2012.0,0,0,0,0.0,22.0,2.0,,,,,,,,,,Washington,College Stats,StanIs00,6.0,3.0,216.0,
143,2007,5,151,Jeff Rowe\RoweJe00,QB,23,CIN,2007.0,2007.0,0,0,0,0.0,2.0,0.0,,,,,,,,,,Nevada,,RoweJe00,,,,
144,2007,5,174,Troy Smith\SmitTr02,QB,23,BAL,2007.0,2010.0,0,0,0,6.0,20.0,8.0,4-4-0,121.0,234.0,1734.0,8.0,5.0,52.0,230.0,3.0,Ohio St.,College Stats,SmitTr02,6.0,0.0,225.0,5.94
145,2007,6,205,Jordan Palmer\PalmJo20,QB,23,WAS,2008.0,2014.0,0,0,0,0.0,5.0,0.0,,11.0,18.0,66.0,0.0,2.0,2.0,3.0,0.0,Texas-El Paso,College Stats,PalmJo20,6.0,5.0,232.0,-2.5
146,2007,7,217,Tyler Thigpen\ThigTy00,QB,23,MIN,2007.0,2014.0,0,0,1,10.0,29.0,12.0,1-11-0,275.0,509.0,3222.0,21.0,18.0,79.0,469.0,3.0,Coastal Carolina,,ThigTy00,6.0,3.0,235.0,4.8
147,2006,1,3,Vince Young\YounVi00,QB,23,TEN,2006.0,2011.0,0,2,4,33.0,60.0,50.0,31-19-0,755.0,1304.0,8964.0,46.0,51.0,282.0,1459.0,12.0,Texas,College Stats,YounVi00,6.0,5.0,232.0,5.15
148,2006,1,10,Matt Leinart\LeinMa00,QB,23,ARI,2006.0,2012.0,0,0,1,12.0,33.0,18.0,8-10-0,366.0,641.0,4065.0,15.0,21.0,47.0,89.0,2.0,USC,College Stats,LeinMa00,6.0,5.0,225.0,4.77
149,2006,1,11,Jay Cutler\CutlJa00,QB,23,DEN,2006.0,2017.0,0,1,10,87.0,153.0,153.0,74-79-0,3048.0,4920.0,35133.0,227.0,160.0,386.0,1682.0,9.0,Vanderbilt,College Stats,CutlJa00,6.0,3.0,231.0,5.81
150,2006,2,49,Kellen Clemens\ClemKe00,QB,23,NYJ,2006.0,2017.0,0,0,2,10.0,64.0,21.0,8-13-0,350.0,638.0,4053.0,16.0,21.0,85.0,227.0,3.0,Oregon,College Stats,ClemKe00,6.0,2.0,220.0,4.3
151,2006,2,64,Tarvaris Jackson\JackTa00,QB,23,MIN,2006.0,2015.0,0,0,2,21.0,59.0,34.0,17-17-0,640.0,1073.0,7263.0,39.0,35.0,171.0,636.0,6.0,Alabama St.,College Stats,JackTa00,6.0,2.0,225.0,5.09
152,2006,3,81,Charlie Whitehurst\WhitCh02,QB,24,SDG,2006.0,2016.0,0,0,0,7.0,26.0,9.0,2-7-0,219.0,396.0,2463.0,11.0,8.0,56.0,156.0,2.0,Clemson,College Stats,WhitCh02,6.0,4.0,226.0,4.88
153,2006,3,85,Brodie Croyle\CroyBr00,QB,23,KAN,2006.0,2010.0,0,0,0,2.0,18.0,10.0,0-10-0,181.0,319.0,1669.0,8.0,9.0,10.0,15.0,0.0,Alabama,College Stats,CroyBr00,6.0,2.0,206.0,3.64
154,2006,4,103,Brad Smith\SmitBr01,QB,22,NYJ,2006.0,2014.0,0,0,1,17.0,127.0,24.0,,4.0,10.0,51.0,1.0,2.0,134.0,972.0,4.0,Missouri,College Stats,SmitBr01,6.0,2.0,213.0,
155,2006,5,148,Ingle Martin\MartIn00,QB,24,GNB,2006.0,2006.0,0,0,0,0.0,1.0,0.0,,,,,,,2.0,-5.0,0.0,Furman,College Stats,MartIn00,6.0,2.0,220.0,
156,2006,6,193,Reggie McNeal\McNeRe00,QB,22,CIN,2006.0,2006.0,0,0,0,0.0,7.0,0.0,,,,,,,1.0,8.0,0.0,Texas A&M,College Stats,McNeRe00,6.0,2.0,205.0,
157,2006,6,194,Bruce Gradkowski\GradBr00,QB,23,TAM,2006.0,2014.0,0,0,1,8.0,37.0,20.0,6-14-0,375.0,709.0,4057.0,21.0,24.0,88.0,329.0,0.0,Toledo,College Stats,GradBr00,6.0,1.0,217.0,4.02
158,2005,1,1,Alex Smith\SmitAl03,QB,21,SFO,2005.0,2018.0,0,3,13,96.0,166.0,161.0,94-66-1,3082.0,4941.0,34068.0,193.0,101.0,570.0,2601.0,15.0,Utah,College Stats,SmitAl03,6.0,4.0,213.0,5.8
159,2005,1,24,Aaron Rodgers\RodgAa00,QB,21,GNB,2005.0,2019.0,2,8,11,142.0,181.0,174.0,113-60-1,3913.0,6061.0,46946.0,364.0,84.0,614.0,3122.0,28.0,California,College Stats,RodgAa00,6.0,2.0,225.0,7.29
160,2005,1,25,Jason Campbell\CampJa00,QB,23,WAS,2006.0,2014.0,0,0,5,47.0,90.0,79.0,32-47-0,1519.0,2518.0,16771.0,87.0,60.0,240.0,1204.0,6.0,Auburn,College Stats,CampJa00,6.0,5.0,235.0,5.47
161,2005,3,67,Charlie Frye\FryeCh00,QB,24,CLE,2005.0,2009.0,0,0,1,8.0,26.0,23.0,7-16-0,419.0,677.0,4154.0,17.0,29.0,72.0,347.0,4.0,Akron,College Stats,FryeCh00,6.0,4.0,220.0,3.57
162,2005,3,69,Andrew Walter\WaltAn00,QB,23,OAK,2006.0,2008.0,0,0,1,1.0,15.0,9.0,2-7-0,174.0,333.0,1919.0,3.0,16.0,19.0,49.0,0.0,Arizona St.,College Stats,WaltAn00,6.0,5.0,235.0,2.51
163,2005,4,106,Kyle Orton\OrtoKy00,QB,22,CHI,2005.0,2014.0,0,0,5,41.0,87.0,82.0,42-40-0,1613.0,2712.0,18037.0,101.0,69.0,126.0,296.0,4.0,Purdue,College Stats,OrtoKy00,6.0,4.0,228.0,5.54
164,2005,5,145,Dan Orlovsky\OrloDa00,QB,22,DET,2005.0,2015.0,0,0,1,7.0,27.0,12.0,2-10-0,298.0,512.0,3132.0,15.0,13.0,13.0,34.0,0.0,Connecticut,College Stats,OrloDa00,6.0,5.0,215.0,4.93
165,2005,6,213,Derek Anderson\AndeDe00,QB,22,BAL,2006.0,2018.0,0,1,3,23.0,78.0,49.0,20-29-0,909.0,1674.0,10878.0,60.0,64.0,102.0,226.0,5.0,Oregon St.,College Stats,AndeDe00,6.0,6.0,235.0,4.92
166,2005,7,230,Matt Cassel\CassMa00,QB,23,NWE,2005.0,2018.0,0,1,6,46.0,108.0,81.0,36-45-0,1578.0,2683.0,17508.0,104.0,82.0,268.0,1025.0,5.0,USC,College Stats,CassMa00,6.0,4.0,225.0,5.1
167,2005,7,250,Ryan Fitzpatrick\FitzRy00,QB,22,STL,2005.0,2019.0,0,0,10,75.0,156.0,139.0,55-83-1,2886.0,4787.0,32886.0,210.0,161.0,544.0,2470.0,19.0,Harvard,,FitzRy00,6.0,2.0,228.0,5.59
168,2004,1,1,Eli Manning\MannEl00,QB,23,SDG,2004.0,2019.0,0,4,14,118.0,236.0,234.0,117-117-0,4895.0,8119.0,57023.0,366.0,244.0,315.0,567.0,7.0,Mississippi,College Stats,MannEl00,6.0,5.0,220.0,5.92
169,2004,1,4,Philip Rivers\RivePh00,QB,22,NYG,2004.0,2019.0,0,8,14,145.0,228.0,224.0,123-101-0,4908.0,7591.0,59271.0,397.0,198.0,365.0,609.0,3.0,North Carolina St.,College Stats,RivePh00,6.0,5.0,228.0,6.92
170,2004,1,11,Ben Roethlisberger\RoetBe00,QB,22,PIT,2004.0,2019.0,0,6,15,125.0,218.0,216.0,144-71-1,4651.0,7230.0,56545.0,363.0,191.0,470.0,1357.0,19.0,Miami (OH),College Stats,RoetBe00,6.0,5.0,240.0,6.71
171,2004,1,22,J.P. Losman\LosmJ.00,QB,23,BUF,2004.0,2011.0,0,0,1,19.0,45.0,33.0,10-23-0,564.0,952.0,6271.0,33.0,34.0,105.0,490.0,3.0,Tulane,College Stats,LosmJ.00,6.0,2.0,217.0,4.35
172,2004,3,90,Matt Schaub\SchaMa00,QB,23,ATL,2004.0,2019.0,0,2,7,70.0,154.0,93.0,47-46-0,2148.0,3348.0,25467.0,136.0,91.0,193.0,357.0,4.0,Virginia,College Stats,SchaMa00,6.0,6.0,245.0,6.48
173,2004,4,106,Luke McCown\McCoLu00,QB,23,CLE,2004.0,2015.0,0,0,0,8.0,62.0,10.0,2-8-0,216.0,356.0,2370.0,9.0,15.0,34.0,177.0,0.0,Louisiana Tech,College Stats,McCoLu00,6.0,4.0,217.0,4.11
174,2004,5,148,Craig Krenzel\KrenCr00,QB,23,CHI,2004.0,2004.0,0,0,0,1.0,6.0,5.0,3-2-0,59.0,127.0,718.0,3.0,6.0,18.0,41.0,0.0,Ohio St.,College Stats,KrenCr00,6.0,4.0,225.0,2.33
175,2004,6,185,Andy Hall\HallAn00,QB,23,PHI,2005.0,2005.0,0,0,0,0.0,1.0,0.0,,,,,,,,,,Delaware,College Stats,HallAn00,6.0,3.0,218.0,
176,2004,6,193,Jim Sorgi\SorgJi00,QB,23,IND,2004.0,2009.0,0,0,0,5.0,16.0,0.0,,99.0,156.0,929.0,6.0,1.0,31.0,0.0,0.0,Wisconsin,College Stats,SorgJi00,6.0,5.0,196.0,5.97
177,2004,7,202,John Navarre\NavaJo00,QB,23,ARI,2004.0,2005.0,0,0,0,0.0,2.0,1.0,0-1-0,32.0,64.0,342.0,2.0,5.0,,,,Michigan,College Stats,NavaJo00,6.0,6.0,250.0,1.77
178,2004,7,217,Cody Pickett\PickCo00,QB,24,SFO,2004.0,2005.0,0,0,0,1.0,6.0,2.0,0-2-0,18.0,45.0,195.0,0.0,4.0,14.0,47.0,0.0,Washington,College Stats,PickCo00,6.0,3.0,227.0,-0.3
179,2004,7,225,Matt Mauck\MaucMa00,QB,25,DEN,2005.0,2005.0,0,0,0,1.0,2.0,1.0,0-1-0,15.0,27.0,136.0,0.0,1.0,7.0,39.0,0.0,LSU,College Stats,MaucMa00,6.0,1.0,213.0,2.96
180,2004,7,250,Bradlee Van Pelt\VanPBr00,QB,24,DEN,2005.0,2005.0,0,0,0,0.0,3.0,0.0,,2.0,8.0,7.0,0.0,0.0,11.0,48.0,1.0,Colorado St.,College Stats,VanPBr00,6.0,2.0,225.0,
181,2003,1,1,Carson Palmer\PalmCa00,QB,23,CIN,2004.0,2017.0,0,3,12,108.0,182.0,181.0,92-88-1,3941.0,6307.0,46247.0,294.0,187.0,301.0,474.0,8.0,USC,College Stats,PalmCa00,6.0,5.0,235.0,6.22
182,2003,1,7,Byron Leftwich\LeftBy00,QB,23,JAX,2003.0,2012.0,0,0,3,33.0,60.0,50.0,24-26-0,930.0,1605.0,10532.0,58.0,42.0,137.0,415.0,10.0,Marshall,College Stats,LeftBy00,6.0,5.0,250.0,5.51
183,2003,1,19,Kyle Boller\BollKy00,QB,22,BAL,2003.0,2011.0,0,0,4,17.0,67.0,47.0,20-27-0,861.0,1519.0,8931.0,48.0,54.0,176.0,572.0,2.0,California,College Stats,BollKy00,6.0,3.0,220.0,4.06
184,2003,1,22,Rex Grossman\GrosRe00,QB,23,CHI,2003.0,2012.0,0,0,3,23.0,54.0,47.0,25-22-0,863.0,1562.0,10232.0,56.0,60.0,81.0,106.0,4.0,Florida,College Stats,GrosRe00,6.0,1.0,225.0,4.81
185,2003,3,88,Dave Ragone\RagoDa00,QB,23,HOU,2003.0,2003.0,0,0,0,1.0,2.0,2.0,0-2-0,20.0,40.0,135.0,0.0,1.0,6.0,51.0,0.0,Louisville,College Stats,RagoDa00,6.0,4.0,245.0,1.06
186,2003,3,97,Chris Simms\SimmCh00,QB,23,TAM,2004.0,2009.0,0,0,1,8.0,23.0,16.0,7-9-0,297.0,511.0,3117.0,12.0,18.0,33.0,48.0,1.0,Texas,College Stats,SimmCh00,6.0,4.0,230.0,3.9
187,2003,4,110,Seneca Wallace\WallSe00,QB,23,SEA,2005.0,2013.0,0,0,1,14.0,64.0,22.0,6-16-0,468.0,788.0,4947.0,31.0,19.0,68.0,293.0,1.0,Iowa St.,College Stats,WallSe00,5.0,11.0,205.0,5.16
188,2003,5,163,Brian St. Pierre\St.PBr20,QB,23,PIT,2004.0,2010.0,0,0,0,0.0,3.0,1.0,0-1-0,15.0,33.0,185.0,2.0,3.0,5.0,-1.0,0.0,Boston Col.,College Stats,St.PBr20,6.0,3.0,224.0,1.86
189,2003,6,192,Drew Henson\HensDr00,QB,23,HOU,2004.0,2008.0,0,0,0,0.0,9.0,1.0,1-0-0,11.0,20.0,98.0,1.0,1.0,1.0,7.0,0.0,Michigan,College Stats,HensDr00,6.0,4.0,230.0,0.88
190,2003,6,200,Brooks Bollinger\BollBr00,QB,23,NYJ,2004.0,2008.0,0,0,1,6.0,21.0,10.0,2-8-0,211.0,360.0,2226.0,9.0,9.0,41.0,155.0,0.0,Wisconsin,College Stats,BollBr00,6.0,0.0,205.0,4.16
191,2003,6,201,Kliff Kingsbury\KingKl00,QB,24,NWE,2005.0,2005.0,0,0,0,0.0,1.0,0.0,,1.0,2.0,17.0,0.0,0.0,,,,Texas Tech,College Stats,KingKl00,6.0,3.0,220.0,8.5
192,2003,7,232,Gibran Hamdan\HamdGi00,QB,22,WAS,2003.0,2003.0,0,0,0,0.0,1.0,0.0,,1.0,2.0,7.0,0.0,0.0,,,,Indiana,College Stats,HamdGi00,6.0,6.0,240.0,1.67
193,2003,7,241,Ken Dorsey\DorsKe00,QB,22,SFO,2004.0,2008.0,0,0,0,1.0,17.0,13.0,2-11-0,214.0,408.0,2082.0,8.0,18.0,11.0,18.0,0.0,Miami (FL),College Stats,DorsKe00,6.0,4.0,220.0,2.91
194,2002,1,1,David Carr\CarrDa00,QB,23,HOU,2002.0,2012.0,0,0,5,44.0,94.0,79.0,23-56-0,1353.0,2267.0,14452.0,65.0,71.0,305.0,1328.0,9.0,Fresno St.,College Stats,CarrDa00,6.0,3.0,212.0,4.34
195,2002,1,3,Joey Harrington\HarrJo00,QB,23,DET,2002.0,2007.0,0,0,6,30.0,81.0,76.0,26-50-0,1424.0,2538.0,14693.0,79.0,85.0,142.0,402.0,0.0,Oregon,College Stats,HarrJo00,6.0,4.0,220.0,4.39
196,2002,1,32,Patrick Ramsey\RamsPa00,QB,23,WAS,2002.0,2008.0,0,0,1,14.0,37.0,24.0,10-14-0,511.0,913.0,5930.0,35.0,30.0,47.0,89.0,2.0,Tulane,College Stats,RamsPa00,6.0,2.0,225.0,4.8
197,2002,3,81,Josh McCown\McCoJo01,QB,23,ARI,2002.0,2019.0,0,0,5,40.0,102.0,76.0,23-53-0,1584.0,2633.0,17731.0,98.0,82.0,248.0,1106.0,13.0,Sam Houston St.,College Stats,McCoJo01,6.0,4.0,218.0,5.03
198,2002,4,108,David Garrard\GarrDa00,QB,24,JAX,2002.0,2010.0,0,1,5,61.0,86.0,76.0,39-37-0,1406.0,2281.0,16003.0,89.0,54.0,380.0,1746.0,17.0,East Carolina,College Stats,GarrDa00,6.0,1.0,235.0,5.79
199,2002,4,117,Rohan Davey\DaveRo01,QB,24,NWE,2002.0,2004.0,0,0,0,0.0,7.0,0.0,,8.0,19.0,88.0,0.0,0.0,6.0,-5.0,0.0,LSU,College Stats,DaveRo01,6.0,2.0,245.0,4.63
200,2002,5,137,Randy Fasani\FasaRa00,QB,23,CAR,2002.0,2002.0,0,0,0,1.0,4.0,1.0,0-1-0,15.0,44.0,171.0,0.0,4.0,18.0,95.0,0.0,Stanford,College Stats,FasaRa00,6.0,3.0,234.0,-1.35
201,2002,5,158,Kurt Kittner\KittKu00,QB,22,ATL,2003.0,2003.0,0,0,0,1.0,7.0,4.0,1-3-0,44.0,114.0,391.0,2.0,6.0,8.0,13.0,0.0,Illinois,College Stats,KittKu00,6.0,2.0,221.0,1.1
202,2002,5,164,Craig Nall\NallCr00,QB,23,GNB,2003.0,2007.0,0,0,0,1.0,7.0,0.0,,30.0,48.0,402.0,5.0,0.0,10.0,11.0,0.0,LSU,College Stats,NallCr00,6.0,3.0,230.0,9.49
203,2002,6,186,J.T. O'Sullivan\OSulJ.00,QB,23,NOR,2004.0,2009.0,0,0,0,6.0,17.0,8.0,2-6-0,145.0,257.0,1866.0,9.0,13.0,39.0,145.0,0.0,California-Davis,,OSulJ.00,6.0,2.0,232.0,4.12
204,2002,7,232,Jeff Kelly\KellJe21,QB,23,SEA,,,0,0,0,,,,,,,,,,,,,Southern Miss,College Stats,KellJe21,6.0,1.0,212.0,
205,2001,1,1,Michael Vick\VickMi00,QB,21,ATL,2001.0,2015.0,0,4,7,93.0,143.0,115.0,61-51-1,1807.0,3217.0,22464.0,133.0,88.0,873.0,6109.0,36.0,Virginia Tech,College Stats,VickMi00,6.0,0.0,210.0,5.46
206,2001,2,32,Drew Brees\BreeDr00,QB,22,SDG,2001.0,2019.0,1,13,18,166.0,275.0,274.0,163-111-0,6867.0,10161.0,77416.0,547.0,237.0,480.0,754.0,23.0,Purdue,College Stats,BreeDr00,6.0,0.0,209.0,7.08
207,2001,2,53,Quincy Carter\CartQu00,QB,23,DAL,2001.0,2004.0,0,0,2,17.0,38.0,34.0,18-16-0,542.0,960.0,6337.0,32.0,37.0,152.0,518.0,3.0,Georgia,College Stats,CartQu00,6.0,2.0,213.0,4.68
208,2001,2,59,Marques Tuiasosopo\TuiaMa00,QB,22,OAK,2001.0,2008.0,0,0,0,1.0,13.0,2.0,0-2-0,49.0,90.0,554.0,2.0,7.0,17.0,79.0,0.0,Washington,College Stats,TuiaMa00,6.0,1.0,220.0,2.09
209,2001,4,106,Chris Weinke\WeinCh00,QB,29,CAR,2001.0,2007.0,0,0,1,9.0,29.0,20.0,2-18-0,386.0,709.0,3904.0,15.0,26.0,54.0,148.0,6.0,Florida St.,College Stats,WeinCh00,6.0,4.0,232.0,3.62
210,2001,4,109,Sage Rosenfels\RoseSa00,QB,23,WAS,2002.0,2010.0,0,0,0,13.0,44.0,12.0,6-6-0,351.0,562.0,4156.0,30.0,29.0,48.0,95.0,1.0,Iowa St.,College Stats,RoseSa00,6.0,4.0,222.0,5.72
211,2001,4,125,Jesse Palmer\PalmJe00,QB,22,NYG,2002.0,2003.0,0,0,0,1.0,8.0,3.0,0-3-0,63.0,120.0,562.0,3.0,4.0,5.0,20.0,0.0,Florida,College Stats,PalmJe00,6.0,2.0,225.0,2.55
212,2001,5,149,Mike McMahon\McMaMi00,QB,22,DET,2001.0,2005.0,0,0,0,6.0,29.0,14.0,3-11-0,229.0,515.0,2867.0,15.0,21.0,82.0,409.0,7.0,Rutgers,College Stats,McMaMi00,6.0,2.0,208.0,3.31
213,2001,5,155,A.J. Feeley\FeelA.00,QB,24,PHI,2001.0,2011.0,0,0,1,7.0,28.0,18.0,8-10-0,425.0,762.0,4618.0,28.0,31.0,37.0,49.0,1.0,Oregon,College Stats,FeelA.00,6.0,3.0,220.0,4.35
214,2000,1,18,Chad Pennington\PennCh01,QB,24,NYJ,2000.0,2010.0,0,0,5,55.0,89.0,81.0,44-37-0,1632.0,2471.0,17823.0,102.0,64.0,180.0,465.0,7.0,Marshall,College Stats,PennCh01,6.0,3.0,230.0,6.08
215,2000,3,75,Chris Redman\RedmCh00,QB,23,BAL,2000.0,2011.0,0,0,0,9.0,31.0,12.0,4-8-0,286.0,500.0,3179.0,21.0,14.0,33.0,25.0,0.0,Louisville,College Stats,RedmCh00,6.0,3.0,223.0,5.19
216,2000,5,163,Tee Martin\MartTe00,QB,22,PIT,2001.0,2003.0,0,0,0,0.0,3.0,0.0,,6.0,16.0,69.0,0.0,1.0,6.0,36.0,0.0,Tennessee,College Stats,MartTe00,6.0,2.0,225.0,1.12
217,2000,6,168,Marc Bulger\BulgMa00,QB,23,NOR,2002.0,2009.0,0,2,8,57.0,96.0,95.0,41-54-0,1969.0,3171.0,22814.0,122.0,93.0,118.0,300.0,8.0,West Virginia,College Stats,BulgMa00,6.0,3.0,208.0,5.61
218,2000,6,183,Spergon Wynn\WynnSp00,QB,22,CLE,2000.0,2001.0,0,0,0,2.0,10.0,3.0,0-3-0,70.0,152.0,585.0,1.0,7.0,11.0,76.0,0.0,Texas St.,College Stats,WynnSp00,6.0,3.0,226.0,0.78
219,2000,6,199,Tom Brady\BradTo00,QB,23,NWE,2000.0,2019.0,3,14,18,176.0,285.0,283.0,219-64-0,6377.0,9988.0,74571.0,541.0,179.0,606.0,1037.0,22.0,Michigan,College Stats,BradTo00,6.0,4.0,225.0,7.08
220,2000,6,202,Todd Husak\HusaTo20,QB,22,WAS,2000.0,2000.0,0,0,0,0.0,1.0,0.0,,2.0,2.0,-2.0,0.0,0.0,1.0,-1.0,0.0,Stanford,College Stats,HusaTo20,6.0,3.0,216.0,-1.0
221,2000,7,212,Tim Rattay\RattTi00,QB,23,SFO,2000.0,2007.0,0,0,1,12.0,40.0,18.0,5-13-0,432.0,714.0,4853.0,31.0,23.0,45.0,77.0,0.0,Louisiana Tech,College Stats,RattTi00,6.0,0.0,200.0,5.23
222,2000,7,214,Jarious Jackson\JackJa01,QB,23,DEN,2000.0,2003.0,0,0,0,0.0,5.0,1.0,0-1-0,11.0,22.0,114.0,0.0,1.0,7.0,15.0,0.0,Notre Dame,College Stats,JackJa01,6.0,0.0,228.0,2.42
223,2000,7,234,Joe Hamilton\HamiJo20,QB,23,TAM,2000.0,2000.0,0,0,0,0.0,1.0,0.0,,0.0,0.0,0.0,0.0,0.0,1.0,-2.0,0.0,Georgia Tech,College Stats,HamiJo20,5.0,10.0,190.0,
224,1999,1,1,Tim Couch\CoucTi00,QB,22,CLE,1999.0,2003.0,0,0,3,30.0,62.0,59.0,22-37-0,1025.0,1714.0,11131.0,64.0,67.0,124.0,556.0,2.0,Kentucky,College Stats,CoucTi00,6.0,4.0,220.0,4.4
225,1999,1,2,Donovan McNabb\McNaDo00,QB,22,PHI,1999.0,2011.0,0,6,11,107.0,167.0,161.0,98-62-1,3170.0,5374.0,37276.0,234.0,117.0,616.0,3459.0,29.0,Syracuse,College Stats,McNaDo00,6.0,2.0,240.0,5.89
226,1999,1,3,Akili Smith\SmitAk00,QB,24,CIN,1999.0,2002.0,0,0,1,1.0,22.0,17.0,3-14-0,215.0,461.0,2212.0,5.0,13.0,70.0,371.0,1.0,Oregon,College Stats,SmitAk00,6.0,3.0,220.0,2.69
227,1999,1,11,Daunte Culpepper\CulpDa00,QB,22,MIN,1999.0,2009.0,0,3,5,86.0,105.0,100.0,41-59-0,2016.0,3199.0,24153.0,149.0,106.0,514.0,2652.0,34.0,Central Florida,College Stats,CulpDa00,6.0,4.0,260.0,5.91
228,1999,1,12,Cade McNown\McNoCa00,QB,22,CHI,1999.0,2000.0,0,0,1,7.0,25.0,15.0,3-12-0,281.0,515.0,3111.0,16.0,19.0,82.0,486.0,3.0,UCLA,College Stats,McNoCa00,6.0,1.0,208.0,4.13
229,1999,2,50,Shaun King\KingSh00,QB,22,TAM,1999.0,2004.0,0,0,1,18.0,34.0,24.0,14-10-0,415.0,738.0,4566.0,27.0,24.0,113.0,454.0,5.0,Tulane,College Stats,KingSh00,6.0,1.0,228.0,4.51
230,1999,3,77,Brock Huard\HuarBr00,QB,23,SEA,2000.0,2003.0,0,0,0,2.0,8.0,4.0,0-4-0,60.0,107.0,689.0,4.0,2.0,9.0,48.0,0.0,Washington,College Stats,HuarBr00,6.0,4.0,232.0,4.91
231,1999,4,101,Joe Germaine\GermJo00,QB,24,STL,1999.0,1999.0,0,0,0,1.0,3.0,0.0,,9.0,16.0,136.0,1.0,2.0,3.0,0.0,0.0,Ohio St.,College Stats,GermJo00,6.0,0.0,202.0,2.26
232,1999,4,131,Aaron Brooks\BrooAa00,QB,23,GNB,2000.0,2006.0,0,0,5,65.0,93.0,90.0,38-52-0,1673.0,2963.0,20261.0,123.0,92.0,362.0,1534.0,13.0,Virginia,College Stats,BrooAa00,6.0,4.0,205.0,5.36
233,1999,7,227,Michael Bishop\BishMi00,QB,23,NWE,2000.0,2000.0,0,0,0,0.0,8.0,0.0,,3.0,9.0,80.0,1.0,1.0,7.0,-1.0,0.0,Kansas St.,College Stats,BishMi00,6.0,2.0,215.0,6.11
234,1999,7,239,Chris Greisen\GreiCh00,QB,23,ARI,1999.0,2000.0,0,0,0,0.0,5.0,0.0,,7.0,16.0,69.0,1.0,0.0,1.0,1.0,0.0,NW Missouri St.,,GreiCh00,6.0,3.0,227.0,3.42
235,1999,7,245,Scott Covington\CoviSc00,QB,23,CIN,1999.0,2002.0,0,0,0,0.0,4.0,1.0,1-0-0,6.0,10.0,30.0,0.0,0.0,2.0,-4.0,0.0,Miami (FL),College Stats,CoviSc00,6.0,2.0,217.0,1.17
236,1998,1,1,Peyton Manning\MannPe00,QB,22,IND,1998.0,2015.0,7,14,17,177.0,266.0,265.0,186-79-0,6125.0,9380.0,71940.0,539.0,251.0,431.0,667.0,18.0,Tennessee,College Stats,MannPe00,6.0,5.0,230.0,7.17
237,1998,1,2,Ryan Leaf\LeafRy00,QB,22,SDG,1998.0,2001.0,0,0,1,1.0,25.0,21.0,4-17-0,317.0,655.0,3666.0,14.0,36.0,59.0,127.0,0.0,Washington St.,College Stats,LeafRy00,6.0,5.0,245.0,2.71
238,1998,2,60,Charlie Batch\BatcCh00,QB,23,DET,1998.0,2012.0,0,0,4,33.0,81.0,55.0,25-30-0,908.0,1604.0,11085.0,61.0,52.0,172.0,637.0,6.0,East. Michigan,College Stats,BatcCh00,6.0,2.0,216.0,5.14
239,1998,3,86,Jonathan Quinn\QuinJo00,QB,23,JAX,1998.0,2004.0,0,0,0,4.0,17.0,6.0,1-5-0,117.0,223.0,1161.0,4.0,7.0,25.0,151.0,1.0,Middle Tenn. St.,College Stats,QuinJo00,6.0,6.0,243.0,2.87
240,1998,3,91,Brian Griese\GrieBr00,QB,23,DEN,1998.0,2008.0,0,1,5,53.0,93.0,83.0,44-38-0,1752.0,2796.0,19440.0,119.0,99.0,238.0,582.0,5.0,Michigan,College Stats,GrieBr00,6.0,3.0,214.0,5.37
241,1998,6,187,Matt Hasselbeck\HassMa00,QB,22,GNB,1999.0,2015.0,0,3,11,88.0,209.0,160.0,85-75-0,3222.0,5330.0,36638.0,212.0,153.0,365.0,1231.0,8.0,Boston Col.,College Stats,HassMa00,6.0,4.0,235.0,5.58
242,1998,7,232,Moses Moreno\MoreMo00,QB,23,CHI,1998.0,2000.0,0,0,0,1.0,9.0,3.0,0-3-0,51.0,103.0,485.0,1.0,2.0,9.0,29.0,0.0,Colorado St.,College Stats,MoreMo00,6.0,1.0,205.0,3.03
243,1997,1,26,Jim Druckenmiller\DrucJi00,QB,24,SFO,1997.0,1998.0,0,0,0,1.0,6.0,1.0,1-0-0,21.0,52.0,239.0,1.0,4.0,13.0,-10.0,0.0,Virginia Tech,College Stats,DrucJi00,6.0,4.0,241.0,0.84
244,1997,2,42,Jake Plummer\PlumJa00,QB,22,ARI,1997.0,2006.0,0,1,10,77.0,143.0,136.0,69-67-0,2484.0,4350.0,29253.0,161.0,161.0,428.0,1853.0,17.0,Arizona St.,College Stats,PlumJa00,6.0,2.0,212.0,5.07
245,1997,4,99,Danny Wuerffel\WuerDa00,QB,23,NOR,1997.0,2002.0,0,0,0,6.0,25.0,10.0,4-6-0,184.0,350.0,2123.0,12.0,22.0,31.0,189.0,1.0,Florida,College Stats,WuerDa00,6.0,1.0,212.0,2.48
246,1997,4,110,Pat Barnes\BarnPa20,QB,22,KAN,1999.0,1999.0,0,0,0,0.0,1.0,0.0,,,,,,,,,,California,College Stats,BarnPa20,6.0,3.0,215.0,
247,1997,6,171,Mike Cherry\CherMi00,QB,23,NYG,1997.0,1998.0,0,0,0,0.0,2.0,0.0,,0.0,1.0,0.0,0.0,0.0,4.0,-5.0,0.0,Murray St.,College Stats,CherMi00,6.0,3.0,226.0,
248,1997,6,191,Chuck Clements\ClemCh21,QB,23,NYJ,1997.0,1997.0,0,0,0,0.0,1.0,0.0,,,,,,,2.0,-3.0,0.0,Houston,College Stats,ClemCh21,6.0,3.0,214.0,
249,1997,7,204,Tony Graziani\GrazTo00,QB,23,ATL,1997.0,1999.0,0,0,0,3.0,18.0,5.0,2-3-0,85.0,174.0,999.0,2.0,8.0,16.0,51.0,0.0,Oregon,College Stats,GrazTo00,6.0,2.0,210.0,3.06
250,1997,7,207,Koy Detmer\DetmKo00,QB,24,PHI,1998.0,2006.0,0,0,0,4.0,104.0,8.0,3-5-0,184.0,354.0,1944.0,10.0,14.0,31.0,30.0,1.0,Colorado,College Stats,DetmKo00,6.0,1.0,195.0,3.93
251,1997,7,234,Wally Richardson\RichWa00,QB,23,BAL,1998.0,1998.0,0,0,0,0.0,1.0,0.0,,1.0,2.0,1.0,0.0,0.0,1.0,0.0,0.0,Penn St.,College Stats,RichWa00,6.0,4.0,225.0,0.5
252,1996,2,42,Tony Banks\BankTo00,QB,23,STL,1996.0,2005.0,0,0,5,42.0,96.0,78.0,35-43-0,1278.0,2356.0,15315.0,77.0,73.0,246.0,881.0,6.0,Michigan St.,College Stats,BankTo00,6.0,4.0,230.0,4.7
253,1996,3,85,Bobby Hoying\HoyiBo00,QB,23,PHI,1996.0,2000.0,0,0,1,3.0,22.0,13.0,3-9-1,244.0,456.0,2544.0,11.0,15.0,42.0,156.0,0.0,Ohio St.,College Stats,HoyiBo00,6.0,3.0,221.0,3.29
254,1996,4,100,Jeff Lewis\LewiJe01,QB,23,DEN,1996.0,2000.0,0,0,0,2.0,12.0,0.0,,28.0,54.0,210.0,0.0,2.0,21.0,78.0,0.0,Northern Arizona,,LewiJe01,6.0,2.0,211.0,0.77
255,1996,4,130,Danny Kanell\KaneDa00,QB,22,NYG,1996.0,2003.0,0,0,2,13.0,43.0,24.0,10-13-1,491.0,956.0,5129.0,31.0,34.0,44.0,49.0,0.0,Florida St.,College Stats,KaneDa00,6.0,3.0,218.0,3.64
256,1995,1,3,Steve McNair\McNaSt00,QB,22,HOU,1995.0,2007.0,0,3,10,100.0,161.0,153.0,91-62-0,2733.0,4544.0,31304.0,174.0,119.0,669.0,3590.0,37.0,Alcorn St.,College Stats,McNaSt00,6.0,2.0,230.0,5.81
257,1995,1,5,Kerry Collins\CollKe00,QB,22,CAR,1995.0,2011.0,0,2,11,81.0,198.0,180.0,81-99-0,3487.0,6261.0,40922.0,208.0,196.0,374.0,686.0,10.0,Penn St.,College Stats,CollKe00,6.0,5.0,247.0,5.16
258,1995,2,45,Todd Collins\CollTo00,QB,23,BUF,1995.0,2010.0,0,0,1,11.0,50.0,21.0,11-10-0,391.0,701.0,4547.0,22.0,24.0,83.0,152.0,0.0,Michigan,College Stats,CollTo00,6.0,4.0,223.0,4.51
259,1995,2,60,Kordell Stewart\StewKo00,QB,22,PIT,1995.0,2005.0,0,1,6,59.0,125.0,87.0,48-34-0,1316.0,2358.0,14746.0,77.0,84.0,560.0,2874.0,38.0,Colorado,College Stats,StewKo00,6.0,1.0,218.0,4.53
260,1995,3,80,Stoney Case\CaseSt00,QB,23,ARI,1995.0,2000.0,0,0,0,4.0,20.0,6.0,3-3-0,163.0,318.0,1826.0,4.0,15.0,60.0,270.0,5.0,New Mexico,College Stats,CaseSt00,6.0,3.0,204.0,2.66
261,1995,3,84,Eric Zeier\ZeieEr00,QB,23,CLE,1995.0,2000.0,0,0,0,6.0,28.0,12.0,4-8-0,301.0,537.0,3520.0,16.0,15.0,43.0,127.0,0.0,Georgia,College Stats,ZeieEr00,6.0,1.0,214.0,4.66
262,1995,4,99,Rob Johnson\JohnRo00,QB,22,JAX,1995.0,2003.0,0,0,2,19.0,48.0,29.0,12-17-0,494.0,806.0,5795.0,30.0,23.0,140.0,877.0,4.0,USC,College Stats,JohnRo00,6.0,4.0,204.0,4.8
263,1995,4,119,Dave Barr\BarrDa20,QB,23,PHI,1995.0,1995.0,0,0,0,0.0,2.0,0.0,,5.0,9.0,42.0,0.0,0.0,1.0,5.0,0.0,California,College Stats,BarrDa20,6.0,3.0,210.0,3.8
264,1995,4,134,Steve Stenstrom\StenSt00,QB,23,KAN,1996.0,1999.0,0,0,0,6.0,17.0,10.0,1-9-0,177.0,314.0,1895.0,4.0,12.0,22.0,100.0,2.0,Stanford,College Stats,StenSt00,6.0,2.0,206.0,3.49
265,1995,6,197,Craig Whelihan\WhelCr00,QB,24,SDG,1997.0,1998.0,0,0,1,1.0,19.0,14.0,2-12-0,267.0,557.0,3160.0,14.0,29.0,31.0,67.0,0.0,Pacific,College Stats,WhelCr00,6.0,5.0,220.0,3.13
266,1994,1,3,Heath Shuler\ShulHe00,QB,22,WAS,1994.0,1997.0,0,0,2,6.0,29.0,22.0,8-14-0,292.0,593.0,3691.0,15.0,33.0,67.0,198.0,1.0,Tennessee,College Stats,ShulHe00,6.0,2.0,216.0,3.47
267,1994,1,6,Trent Dilfer\DilfTr00,QB,22,TAM,1994.0,2007.0,0,1,7,51.0,130.0,113.0,58-55-0,1759.0,3172.0,20518.0,113.0,129.0,248.0,853.0,5.0,Fresno St.,College Stats,DilfTr00,6.0,4.0,225.0,4.44
268,1994,4,111,Perry Klein\KleiPe20,QB,23,ATL,1994.0,1994.0,0,0,0,0.0,2.0,0.0,,0.0,1.0,0.0,0.0,0.0,,,,C.W. Post,College Stats,KleiPe20,6.0,2.0,218.0,-3.0
269,1994,4,116,Doug Nussmeier\NussDo00,QB,23,NOR,1996.0,1997.0,0,0,0,2.0,5.0,2.0,0-2-0,46.0,82.0,455.0,1.0,4.0,11.0,36.0,0.0,Idaho,,NussDo00,6.0,3.0,211.0,2.7
270,1994,6,178,Jim Miller\MillJi00,QB,23,PIT,1995.0,2002.0,0,0,2,16.0,37.0,27.0,15-12-0,610.0,1046.0,6387.0,36.0,31.0,55.0,4.0,0.0,Michigan St.,College Stats,MillJi00,6.0,2.0,226.0,5.04
271,1994,7,197,Gus Frerotte\FrerGu00,QB,23,WAS,1994.0,2008.0,0,1,5,56.0,147.0,93.0,45-47-1,1699.0,3106.0,21291.0,114.0,106.0,197.0,315.0,6.0,Tulsa,College Stats,FrerGu00,6.0,3.0,237.0,5.27
272,1994,7,198,Jay Walker\WalkJa22,QB,22,NWE,1996.0,1997.0,0,0,0,0.0,1.0,0.0,,2.0,2.0,31.0,0.0,0.0,,,,Howard,College Stats,WalkJa22,6.0,3.0,229.0,15.5
273,1994,7,199,Steve Matthews\MattSt00,QB,23,KAN,1997.0,1998.0,0,0,0,1.0,3.0,1.0,1-0-0,28.0,43.0,299.0,0.0,0.0,1.0,10.0,0.0,Memphis,College Stats,MattSt00,6.0,3.0,222.0,6.8
274,1994,7,208,Glenn Foley\FoleGl00,QB,23,NYJ,1994.0,1999.0,0,0,0,8.0,21.0,9.0,2-7-0,207.0,382.0,2469.0,12.0,16.0,19.0,32.0,0.0,Boston Col.,College Stats,FoleGl00,6.0,2.0,210.0,4.39
275,1993,1,1,Drew Bledsoe\BledDr00,QB,21,NWE,1993.0,2006.0,0,4,12,103.0,194.0,193.0,98-95-0,3839.0,6717.0,44611.0,251.0,206.0,385.0,764.0,10.0,Washington St.,College Stats,BledDr00,6.0,5.0,238.0,5.18
276,1993,1,2,Rick Mirer\MireRi00,QB,23,SEA,1993.0,2003.0,0,0,5,32.0,80.0,68.0,24-44-0,1088.0,2043.0,11969.0,50.0,76.0,242.0,1130.0,9.0,Notre Dame,College Stats,MireRi00,6.0,3.0,210.0,3.8
277,1993,3,58,Billy Joe Hobert\HobeBi00,QB,22,RAI,1995.0,1999.0,0,0,0,7.0,29.0,17.0,4-13-0,275.0,527.0,3371.0,23.0,25.0,33.0,121.0,1.0,Washington,College Stats,HobeBi00,6.0,3.0,230.0,4.5
278,1993,5,118,Mark Brunell\BrunMa00,QB,22,GNB,1994.0,2011.0,0,3,11,96.0,193.0,151.0,78-73-0,2761.0,4640.0,32072.0,184.0,108.0,513.0,2421.0,15.0,Washington,College Stats,BrunMa00,6.0,1.0,215.0,5.67
279,1993,7,192,Gino Torretta\ToreGi00,QB,23,MIN,1993.0,1996.0,0,0,0,0.0,2.0,0.0,,5.0,16.0,41.0,1.0,1.0,2.0,12.0,0.0,Miami (FL),College Stats,ToreGi00,6.0,2.0,215.0,-0.05
280,1993,8,216,Alex Van Pelt\VanPAl00,QB,23,PIT,1995.0,2003.0,0,0,0,7.0,31.0,11.0,3-8-0,262.0,477.0,2985.0,16.0,24.0,32.0,53.0,1.0,Pittsburgh,College Stats,VanPAl00,6.0,1.0,220.0,4.26
281,1993,8,219,Elvis Grbac\GrbaEl00,QB,23,SFO,1994.0,2001.0,0,1,4,46.0,105.0,70.0,40-30-0,1446.0,2445.0,16774.0,99.0,81.0,163.0,388.0,7.0,Michigan,College Stats,GrbaEl00,6.0,5.0,232.0,5.52
282,1993,8,222,Trent Green\GreeTr00,QB,23,SDG,1997.0,2008.0,0,2,7,94.0,120.0,113.0,56-57-0,2266.0,3740.0,28475.0,162.0,114.0,243.0,914.0,6.0,Indiana,College Stats,GreeTr00,6.0,3.0,217.0,6.24
283,1992,1,6,David Klingler\KlinDa00,QB,23,CIN,1992.0,1997.0,0,0,1,11.0,33.0,24.0,4-20-0,389.0,718.0,3994.0,16.0,22.0,74.0,456.0,0.0,Houston,College Stats,KlinDa00,6.0,3.0,210.0,3.46
284,1992,1,25,Tommy Maddox\MaddTo00,QB,21,DEN,1992.0,2005.0,0,0,2,24.0,92.0,36.0,15-20-1,686.0,1200.0,8087.0,48.0,54.0,68.0,128.0,1.0,UCLA,College Stats,MaddTo00,6.0,4.0,220.0,4.7
285,1992,2,40,Matt Blundin\BlunMa00,QB,23,KAN,1993.0,1997.0,0,0,0,0.0,3.0,0.0,,2.0,9.0,15.0,0.0,2.0,,,,Virginia,College Stats,BlunMa00,6.0,6.0,233.0,-8.33
286,1992,2,46,Tony Sacca\SaccTo00,QB,22,PHO,1992.0,1992.0,0,0,0,0.0,2.0,0.0,,4.0,11.0,29.0,0.0,2.0,,,,Penn St.,College Stats,SaccTo00,6.0,5.0,230.0,-5.55
287,1992,4,102,Casey Weldon\WeldCa00,QB,23,PHI,1993.0,1999.0,0,0,0,1.0,26.0,0.0,,60.0,120.0,713.0,1.0,4.0,12.0,0.0,1.0,Florida St.,College Stats,WeldCa00,6.0,1.0,206.0,3.61
288,1992,4,107,Will Furrer\FurrWi00,QB,24,CHI,1992.0,1995.0,0,0,0,1.0,9.0,2.0,0-2-0,57.0,124.0,572.0,2.0,10.0,8.0,20.0,0.0,Virginia Tech,College Stats,FurrWi00,6.0,3.0,210.0,0.66
289,1992,6,166,Jeff Blake\BlakJe00,QB,21,NYJ,1992.0,2005.0,0,1,8,67.0,119.0,100.0,39-61-0,1827.0,3241.0,21711.0,134.0,99.0,418.0,2027.0,14.0,East Carolina,College Stats,BlakJe00,6.0,1.0,223.0,5.27
290,1992,8,211,Kent Graham\GrahKe00,QB,23,NYG,1992.0,2001.0,0,0,1,21.0,81.0,38.0,17-21-0,694.0,1339.0,7801.0,39.0,33.0,121.0,424.0,5.0,Ohio St.,College Stats,GrahKe00,6.0,5.0,231.0,4.46
291,1992,8,220,Bucky Richardson\RichBu00,QB,23,HOU,1992.0,1994.0,0,0,0,4.0,16.0,4.0,1-3-0,97.0,185.0,1257.0,6.0,6.0,33.0,225.0,1.0,Texas A&M,College Stats,RichBu00,6.0,1.0,228.0,4.55
292,1992,9,227,Brad Johnson\JohnBr00,QB,23,MIN,1994.0,2008.0,0,2,8,74.0,177.0,125.0,72-53-0,2668.0,4326.0,29054.0,166.0,122.0,276.0,657.0,8.0,Florida St.,College Stats,JohnBr00,6.0,5.0,235.0,5.52
293,1992,9,228,T.J. Rubley\RublTJ00,QB,23,RAM,1993.0,1995.0,0,0,0,5.0,10.0,7.0,2-5-0,112.0,195.0,1377.0,8.0,7.0,31.0,108.0,0.0,Tulsa,College Stats,RublTJ00,6.0,3.0,212.0,5.37
294,1992,9,230,Ty Detmer\DetmTy00,QB,24,GNB,1993.0,2003.0,0,0,2,15.0,54.0,25.0,11-14-0,546.0,946.0,6351.0,34.0,35.0,72.0,177.0,3.0,BYU,College Stats,DetmTy00,6.0,0.0,189.0,5.0
295,1991,1,16,Dan McGwire\McGwDa00,QB,23,SEA,1991.0,1995.0,0,0,0,2.0,13.0,5.0,2-3-0,74.0,148.0,745.0,2.0,6.0,14.0,6.0,0.0,San Diego St.,College Stats,McGwDa00,6.0,8.0,240.0,2.09
296,1991,1,24,Todd Marinovich\MariTo00,QB,22,RAI,1991.0,1992.0,0,0,0,3.0,8.0,8.0,3-5-0,104.0,205.0,1345.0,8.0,9.0,12.0,44.0,0.0,USC,College Stats,MariTo00,6.0,4.0,215.0,4.2
297,1991,2,33,Brett Favre HOF\FavrBr00,QB,21,ATL,1991.0,2010.0,3,11,19,156.0,302.0,298.0,186-112-0,6300.0,10169.0,71838.0,508.0,336.0,602.0,1844.0,14.0,Southern Miss,College Stats,FavrBr00,6.0,2.0,222.0,5.93
298,1991,2,34,Browning Nagle\NaglBr00,QB,23,NYJ,1991.0,1996.0,0,0,1,5.0,24.0,14.0,4-10-0,213.0,437.0,2489.0,8.0,20.0,26.0,68.0,0.0,Louisville,College Stats,NaglBr00,6.0,3.0,225.0,3.12
299,1991,4,84,Scott Zolak\ZolaSc00,QB,23,NWE,1992.0,1999.0,0,0,0,4.0,55.0,7.0,3-4-0,124.0,248.0,1314.0,8.0,7.0,38.0,81.0,0.0,Maryland,College Stats,ZolaSc00,6.0,5.0,230.0,3.46
300,1991,4,99,Donald Hollas\HollDo00,QB,23,CIN,1991.0,1998.0,0,0,0,5.0,32.0,8.0,4-4-0,202.0,375.0,2399.0,13.0,21.0,61.0,295.0,1.0,Rice,College Stats,HollDo00,6.0,3.0,215.0,3.24
1,1991,4,106,Bill Musgrave\MusgBi00,QB,23,DAL,1991.0,1996.0,0,0,0,1.0,12.0,1.0,0-1-0,43.0,69.0,402.0,1.0,2.0,19.0,-11.0,0.0,Oregon,College Stats,MusgBi00,6.0,2.0,199.0,4.11
2,1991,5,131,Craig Erickson\EricCr00,QB,22,PHI,1992.0,1997.0,0,0,2,21.0,52.0,36.0,14-21-0,591.0,1092.0,7625.0,41.0,38.0,77.0,201.0,1.0,Miami (FL),College Stats,EricCr00,6.0,2.0,209.0,5.28
3,1991,7,190,Paul Justin\JustPa00,QB,23,CHI,1995.0,1999.0,0,0,0,8.0,34.0,10.0,3-7-0,220.0,380.0,2614.0,8.0,10.0,17.0,11.0,0.0,Arizona St.,College Stats,JustPa00,6.0,4.0,211.0,5.13
4,1991,11,284,Shawn Moore\MoorSh00,QB,23,DEN,1992.0,1992.0,0,0,0,1.0,3.0,0.0,,17.0,34.0,232.0,0.0,3.0,8.0,39.0,0.0,Virginia,College Stats,MoorSh00,6.0,2.0,213.0,1.18
5,1990,1,1,Jeff George\GeorJe00,QB,22,IND,1990.0,2001.0,0,0,9,65.0,131.0,124.0,46-78-0,2298.0,3967.0,27602.0,154.0,113.0,168.0,307.0,2.0,Illinois,College Stats,GeorJe00,6.0,4.0,218.0,5.3
6,1990,1,7,Andre Ware\WareAn00,QB,22,DET,1990.0,1993.0,0,0,0,5.0,14.0,6.0,3-3-0,83.0,161.0,1112.0,5.0,8.0,38.0,217.0,0.0,Houston,College Stats,WareAn00,6.0,2.0,205.0,3.76
7,1990,3,59,Tom Hodson\HodsTo00,QB,23,NWE,1990.0,1995.0,0,0,0,4.0,36.0,12.0,1-11-0,174.0,320.0,1823.0,7.0,11.0,21.0,90.0,0.0,LSU,College Stats,HodsTo00,6.0,3.0,195.0,3.24
8,1990,3,63,Peter Tom Willis\WillPe00,QB,23,CHI,1990.0,1993.0,0,0,0,4.0,21.0,3.0,0-3-0,104.0,183.0,1261.0,6.0,15.0,5.0,14.0,0.0,Florida St.,College Stats,WillPe00,6.0,2.0,188.0,3.04
9,1990,3,70,Neil O'Donnell\ODonNe00,QB,24,PIT,1991.0,2003.0,0,1,7,59.0,125.0,100.0,55-45-0,1865.0,3229.0,21690.0,120.0,68.0,215.0,446.0,4.0,Maryland,College Stats,ODonNe00,6.0,3.0,228.0,5.48
10,1990,4,84,Troy Taylor\TaylTr00,QB,22,NYJ,1990.0,1991.0,0,0,0,0.0,7.0,0.0,,12.0,20.0,125.0,2.0,1.0,9.0,43.0,1.0,California,College Stats,TaylTr00,6.0,4.0,200.0,5.32
11,1990,4,86,Cary Conklin\ConkCa00,QB,22,WAS,1992.0,1995.0,0,0,0,1.0,7.0,2.0,0-2-0,52.0,101.0,560.0,5.0,3.0,5.0,-6.0,0.0,Washington,College Stats,ConkCa00,6.0,4.0,220.0,4.14
12,1990,4,93,Scott Mitchell\MitcSc00,QB,22,MIA,1991.0,2001.0,0,0,5,49.0,99.0,71.0,32-39-0,1301.0,2346.0,15692.0,95.0,81.0,172.0,485.0,11.0,Utah,College Stats,MitcSc00,6.0,6.0,240.0,5.22
13,1990,5,135,Craig Kupp\KuppCr20,QB,23,NYG,1991.0,1991.0,0,0,0,0.0,1.0,0.0,,3.0,7.0,23.0,0.0,0.0,1.0,5.0,0.0,Pacific Lutheran,,KuppCr20,6.0,4.0,215.0,0.0
14,1990,6,138,John Friesz\FrieJo00,QB,23,SDG,1990.0,2000.0,0,0,1,26.0,69.0,38.0,13-25-0,745.0,1364.0,8699.0,45.0,42.0,53.0,29.0,0.0,Idaho,,FrieJo00,6.0,4.0,214.0,5.02
15,1990,6,156,Mike Buck\BuckMi00,QB,23,NOR,1991.0,1995.0,0,0,0,2.0,12.0,1.0,0-1-0,55.0,92.0,790.0,5.0,4.0,5.0,-4.0,0.0,Maine,,BuckMi00,6.0,3.0,227.0,7.04
16,1989,1,1,Troy Aikman HOF\AikmTr00,QB,22,DAL,1989.0,2000.0,0,6,12,97.0,165.0,165.0,94-71-0,2898.0,4715.0,32942.0,165.0,141.0,327.0,1016.0,9.0,UCLA,College Stats,AikmTr00,6.0,4.0,219.0,5.66
17,1989,2,32,Mike Elkins\ElkiMi00,QB,23,KAN,1989.0,1989.0,0,0,0,0.0,1.0,0.0,,1.0,2.0,5.0,0.0,1.0,,,,Wake Forest,College Stats,ElkiMi00,6.0,3.0,221.0,-20.0
18,1989,2,51,Billy Joe Tolliver\TollBi00,QB,23,SDG,1989.0,1999.0,0,0,3,26.0,79.0,47.0,15-32-0,891.0,1707.0,10760.0,59.0,64.0,99.0,320.0,5.0,Texas Tech,College Stats,TollBi00,6.0,1.0,217.0,4.47
19,1989,3,74,Anthony Dilweg\DilwAn00,QB,24,GNB,1989.0,1990.0,0,0,0,4.0,10.0,7.0,2-5-0,102.0,193.0,1274.0,8.0,7.0,21.0,114.0,0.0,Duke,College Stats,DilwAn00,6.0,3.0,215.0,4.51
20,1989,3,83,Erik Wilhelm\WilhEr00,QB,23,CIN,1989.0,1996.0,0,0,0,3.0,22.0,1.0,0-1-0,77.0,136.0,912.0,5.0,6.0,19.0,69.0,0.0,Oregon St.,College Stats,WilhEr00,6.0,3.0,217.0,4.85
21,1989,4,102,Jeff Carlson\CarlJe00,QB,23,RAM,1990.0,1992.0,0,0,0,2.0,7.0,3.0,0-3-0,49.0,114.0,636.0,2.0,9.0,17.0,57.0,0.0,Weber St.,,CarlJe00,6.0,3.0,215.0,1.38
22,1989,6,140,Jeff Francis\FranJe20,QB,23,RAI,1990.0,1990.0,0,0,0,0.0,1.0,0.0,,2.0,2.0,26.0,0.0,0.0,,,,Tennessee,College Stats,FranJe20,6.0,4.0,225.0,13.0
23,1989,6,141,Rodney Peete\PeetRo00,QB,23,DET,1989.0,2004.0,0,0,7,46.0,104.0,87.0,45-42-0,1344.0,2346.0,16338.0,76.0,92.0,270.0,1139.0,16.0,USC,College Stats,PeetRo00,6.0,0.0,230.0,4.77
24,1988,3,68,Tom Tupa\TupaTo20,QB,22,PHO,1988.0,2004.0,1,1,1,29.0,220.0,13.0,4-9-0,259.0,504.0,3430.0,12.0,25.0,53.0,187.0,1.0,Ohio St.,College Stats,TupaTo20,6.0,4.0,225.0,
25,1988,3,76,Chris Chandler\ChanCh00,QB,22,IND,1988.0,2004.0,0,2,9,77.0,180.0,152.0,67-85-0,2328.0,4005.0,28484.0,170.0,146.0,371.0,1310.0,12.0,Washington,College Stats,ChanCh00,6.0,4.0,224.0,5.18
26,1988,6,151,Scott Secules\SecuSc00,QB,23,DAL,1989.0,1993.0,0,0,0,5.0,57.0,4.0,0-4-0,108.0,204.0,1311.0,4.0,14.0,24.0,136.0,1.0,Virginia,College Stats,SecuSc00,6.0,3.0,220.0,3.37
27,1988,6,159,Stan Humphries\HumpSt00,QB,23,WAS,1989.0,1997.0,0,0,6,50.0,88.0,81.0,50-31-0,1431.0,2516.0,17191.0,89.0,84.0,150.0,356.0,7.0,La-Monroe,,HumpSt00,6.0,2.0,223.0,5.27
28,1988,7,180,Kerwin Bell\BellKe00,QB,23,MIA,1996.0,1996.0,0,0,0,0.0,1.0,0.0,,5.0,5.0,75.0,1.0,0.0,1.0,-1.0,0.0,Florida,College Stats,BellKe00,6.0,3.0,207.0,19.0
29,1987,1,1,Vinny Testaverde\TestVi00,QB,23,TAM,1987.0,2007.0,0,2,15,97.0,233.0,214.0,90-123-1,3787.0,6701.0,46233.0,275.0,267.0,430.0,1661.0,15.0,Miami (FL),College Stats,TestVi00,6.0,5.0,235.0,5.16
30,1987,1,6,Kelly Stouffer\StouKe00,QB,23,STL,1988.0,1992.0,0,0,0,2.0,22.0,16.0,5-11-0,225.0,437.0,2333.0,7.0,19.0,30.0,75.0,0.0,Colorado St.,College Stats,StouKe00,6.0,3.0,210.0,2.44
31,1987,1,13,Chris Miller\MillCh00,QB,22,ATL,1987.0,1999.0,0,1,7,52.0,98.0,92.0,34-58-0,1580.0,2892.0,19320.0,123.0,102.0,178.0,814.0,2.0,Oregon,College Stats,MillCh00,6.0,2.0,212.0,5.05
32,1987,1,26,Jim Harbaugh\HarbJi00,QB,23,CHI,1987.0,2000.0,0,1,10,78.0,177.0,140.0,66-74-0,2305.0,3918.0,26288.0,129.0,117.0,561.0,2787.0,18.0,Michigan,College Stats,HarbJi00,6.0,3.0,215.0,5.02
33,1987,3,64,Cody Carlson\CarlCo00,QB,23,HOU,1988.0,1994.0,0,0,0,15.0,45.0,19.0,11-8-0,370.0,659.0,4469.0,21.0,28.0,81.0,217.0,4.0,Baylor,College Stats,CarlCo00,6.0,3.0,202.0,4.57
34,1987,4,88,Mark Vlasic\VlasMa00,QB,23,SDG,1987.0,1991.0,0,0,0,3.0,15.0,4.0,2-2-0,75.0,142.0,762.0,4.0,5.0,4.0,-1.0,0.0,Iowa,College Stats,VlasMa00,6.0,3.0,205.0,3.76
35,1987,4,98,Rich Gannon\GannRi00,QB,21,NWE,1987.0,2004.0,2,4,8,99.0,157.0,132.0,76-56-0,2533.0,4206.0,28743.0,180.0,104.0,521.0,2449.0,21.0,Delaware,,GannRi00,6.0,3.0,210.0,5.76
36,1987,4,110,Steve Beuerlein\BeueSt00,QB,22,RAI,1988.0,2003.0,0,1,4,69.0,147.0,102.0,47-55-0,1894.0,3328.0,24046.0,147.0,112.0,225.0,496.0,5.0,Notre Dame,College Stats,BeueSt00,6.0,3.0,220.0,5.42
37,1987,7,180,Kevin Sweeney\SweeKe00,QB,23,DAL,1987.0,1988.0,0,0,0,2.0,6.0,4.0,2-2-0,47.0,106.0,605.0,7.0,6.0,11.0,42.0,0.0,Fresno St.,College Stats,SweeKe00,6.0,0.0,191.0,3.22
38,1987,7,186,Doug Hudson\HudsDo20,QB,22,KAN,1987.0,1987.0,0,0,0,0.0,1.0,1.0,0-1-0,0.0,1.0,0.0,0.0,0.0,1.0,0.0,0.0,Nicholls St.,,HudsDo20,6.0,2.0,201.0,-5.0
39,1987,8,216,Sammy Garza\GarzSa20,QB,22,SEA,1987.0,1987.0,0,0,0,1.0,2.0,1.0,0-1-0,11.0,20.0,183.0,1.0,2.0,8.0,31.0,1.0,Texas-El Paso,College Stats,GarzSa20,6.0,1.0,184.0,4.76
40,1987,10,255,Don Majkowski\MajkDo00,QB,23,GNB,1987.0,1996.0,0,1,4,39.0,90.0,57.0,26-30-1,1056.0,1905.0,12700.0,66.0,67.0,248.0,1114.0,12.0,Virginia,College Stats,MajkDo00,6.0,2.0,197.0,4.77
41,1987,11,295,Brent Pease\PeasBr00,QB,22,MIN,1987.0,1988.0,0,0,0,3.0,20.0,3.0,2-1-0,62.0,135.0,792.0,3.0,9.0,23.0,31.0,2.0,Montana,,PeasBr00,6.0,2.0,201.0,2.77
42,1987,11,307,Dave Walter\WaltDa20,QB,22,NYG,1987.0,1987.0,0,0,0,1.0,3.0,2.0,1-1-0,10.0,21.0,113.0,0.0,0.0,16.0,70.0,0.0,Michigan Tech,,WaltDa20,6.0,3.0,230.0,4.26
43,1986,1,3,Jim Everett\EverJi00,QB,23,HOU,1986.0,1997.0,0,1,10,87.0,158.0,153.0,64-89-0,2841.0,4923.0,34837.0,203.0,175.0,257.0,596.0,4.0,Purdue,College Stats,EverJi00,6.0,5.0,212.0,5.62
44,1986,1,12,Chuck Long\LongCh00,QB,23,DET,1986.0,1991.0,0,0,1,11.0,27.0,21.0,4-17-0,331.0,607.0,3747.0,19.0,28.0,34.0,88.0,0.0,Iowa,College Stats,LongCh00,6.0,4.0,217.0,3.9
45,1986,2,47,Jack Trudeau\TrudJa00,QB,23,IND,1986.0,1995.0,0,0,3,23.0,67.0,49.0,19-30-0,873.0,1644.0,10243.0,42.0,69.0,97.0,186.0,3.0,Illinois,College Stats,TrudJa00,6.0,3.0,227.0,4.16
46,1986,3,67,Bubby Brister\BrisBu00,QB,24,PIT,1986.0,2000.0,0,0,4,41.0,99.0,75.0,37-38-0,1207.0,2212.0,14445.0,81.0,78.0,191.0,546.0,8.0,La-Monroe,College Stats,BrisBu00,6.0,3.0,205.0,4.54
47,1986,3,71,Hugh Millen\MillHu00,QB,22,RAM,1987.0,1995.0,0,0,2,16.0,40.0,25.0,7-18-0,560.0,928.0,6440.0,22.0,35.0,65.0,260.0,1.0,Washington,College Stats,MillHu00,6.0,5.0,216.0,4.25
48,1986,4,99,Doug Gaynor\GaynDo20,QB,23,CIN,1986.0,1986.0,0,0,0,0.0,1.0,0.0,,3.0,3.0,30.0,0.0,0.0,1.0,4.0,0.0,Long Beach St.,College Stats,GaynDo20,6.0,2.0,205.0,6.25
49,1986,6,146,Mark Rypien\RypiMa00,QB,23,WAS,1988.0,2001.0,0,2,5,56.0,104.0,78.0,47-31-0,1466.0,2613.0,18473.0,115.0,88.0,127.0,166.0,8.0,Washington St.,College Stats,RypiMa00,6.0,4.0,231.0,5.96
50,1986,6,150,Stan Gelbaugh\GelbSt00,QB,23,DAL,1989.0,1996.0,0,0,1,2.0,20.0,12.0,1-11-0,192.0,391.0,2100.0,10.0,22.0,28.0,108.0,0.0,Maryland,College Stats,GelbSt00,6.0,3.0,207.0,2.14
51,1986,7,174,Mike Norseth\NorsMi20,QB,22,CLE,1988.0,1988.0,0,0,0,0.0,1.0,0.0,,,,,,,1.0,5.0,0.0,Kansas,College Stats,NorsMi20,6.0,2.0,200.0,
52,1986,11,291,David Norrie\NorrDa20,QB,22,SEA,1987.0,1987.0,0,0,0,1.0,2.0,2.0,0-2-0,35.0,68.0,376.0,1.0,4.0,5.0,5.0,0.0,UCLA,College Stats,NorrDa20,6.0,4.0,220.0,1.73
53,1986,12,312,Kent Austin\AustKe20,QB,23,STL,1986.0,1986.0,0,0,0,0.0,16.0,0.0,,,,,,,1.0,0.0,0.0,Mississippi,College Stats,AustKe20,6.0,1.0,195.0,
54,1986,12,313,Brian McClure\McClBr20,QB,22,BUF,1987.0,1987.0,0,0,0,1.0,1.0,1.0,1-0-0,20.0,38.0,181.0,0.0,3.0,2.0,4.0,0.0,Bowling Green,College Stats,McClBr20,6.0,6.0,222.0,0.73
55,1986,12,316,Steve Bradley\BradSt20,QB,23,CIN,1987.0,1987.0,0,0,0,0.0,1.0,1.0,0-1-0,6.0,18.0,77.0,2.0,3.0,1.0,-3.0,0.0,Indiana,College Stats,BradSt20,6.0,2.0,216.0,-2.0
56,1985,2,37,Randall Cunningham\CunnRa00,QB,22,PHI,1985.0,2001.0,1,4,7,107.0,161.0,135.0,82-52-1,2429.0,4289.0,29979.0,207.0,134.0,775.0,4928.0,35.0,UNLV,College Stats,CunnRa00,6.0,4.0,212.0,5.14
57,1985,3,57,Frank Reich\ReicFr00,QB,23,BUF,1985.0,1998.0,0,0,1,15.0,118.0,20.0,5-15-0,508.0,932.0,6075.0,40.0,36.0,91.0,78.0,0.0,Maryland,College Stats,ReicFr00,6.0,4.0,210.0,4.75
58,1985,6,142,Steve Bono\BonoSt00,QB,23,MIN,1985.0,1999.0,0,1,2,32.0,88.0,42.0,28-14-0,934.0,1701.0,10439.0,62.0,42.0,125.0,257.0,7.0,UCLA,College Stats,BonoSt00,6.0,4.0,215.0,5.19
59,1985,6,143,Rusty Hilger\HilgRu00,QB,23,RAI,1985.0,1991.0,0,0,1,5.0,23.0,14.0,5-9-0,204.0,464.0,2584.0,11.0,19.0,35.0,91.0,0.0,Oklahoma St.,College Stats,HilgRu00,6.0,4.0,205.0,3.05
60,1985,11,285,Doug Flutie\FlutDo00,QB,22,RAM,1986.0,2005.0,0,1,4,51.0,92.0,66.0,38-28-0,1177.0,2151.0,14715.0,86.0,68.0,338.0,1634.0,10.0,Boston Col.,College Stats,FlutDo00,5.0,10.0,180.0,5.62
61,1985,11,294,Joe Shield\ShieJo20,QB,23,GNB,1986.0,1986.0,0,0,0,0.0,3.0,0.0,,,,,,,,,,Trinity (CT),,ShieJo20,6.0,1.0,185.0,
62,1984,2,38,Boomer Esiason\EsiaBo00,QB,23,CIN,1984.0,1997.0,1,4,12,106.0,187.0,173.0,80-93-0,2969.0,5205.0,37920.0,247.0,184.0,447.0,1598.0,7.0,Maryland,College Stats,EsiaBo00,6.0,5.0,224.0,5.82
63,1984,3,59,Jeff Hostetler\HostJe00,QB,23,NYG,1985.0,1997.0,0,1,6,56.0,152.0,83.0,51-32-0,1357.0,2338.0,16430.0,94.0,71.0,316.0,1391.0,17.0,West Virginia,College Stats,HostJe00,6.0,3.0,215.0,5.48
64,1984,3,80,Rick McIvor\McIvRi20,QB,23,STL,1984.0,1985.0,0,0,0,0.0,6.0,0.0,,0.0,4.0,0.0,0.0,0.0,3.0,5.0,0.0,Texas,College Stats,McIvRi20,6.0,4.0,210.0,0.0
65,1984,3,83,Jay Schroeder\SchrJa00,QB,23,WAS,1985.0,1994.0,0,1,8,62.0,118.0,99.0,61-38-0,1426.0,2808.0,20063.0,114.0,108.0,242.0,761.0,5.0,UCLA,College Stats,SchrJa00,6.0,4.0,215.0,5.27
66,1984,5,113,Steve Pelluer\PellSt00,QB,22,DAL,1984.0,1990.0,0,0,2,24.0,65.0,30.0,9-20-1,548.0,974.0,6870.0,29.0,39.0,142.0,858.0,6.0,Washington,College Stats,PellSt00,6.0,4.0,209.0,4.86
67,1984,5,138,Dean May\MayxDe20,QB,22,MIA,1984.0,1987.0,0,0,0,0.0,5.0,0.0,,1.0,6.0,33.0,0.0,1.0,2.0,-4.0,0.0,Louisville,College Stats,MayxDe20,6.0,5.0,220.0,-2.71
68,1984,6,148,Ben Bennett\BennBe20,QB,22,ATL,1987.0,1987.0,0,0,0,0.0,1.0,0.0,,2.0,6.0,25.0,0.0,1.0,2.0,17.0,0.0,Duke,College Stats,BennBe20,6.0,1.0,200.0,-3.33
69,1984,6,153,Randy Wright\WrigRa00,QB,23,GNB,1984.0,1988.0,0,0,2,14.0,46.0,32.0,7-25-0,602.0,1119.0,7106.0,31.0,57.0,55.0,173.0,3.0,Wisconsin,College Stats,WrigRa00,6.0,2.0,200.0,3.79
70,1984,6,158,Terry Nugent\NugeTe20,QB,22,CLE,1987.0,1987.0,0,0,0,0.0,1.0,0.0,,3.0,5.0,47.0,0.0,0.0,2.0,1.0,0.0,Colorado St.,College Stats,NugeTe20,6.0,4.0,218.0,6.33
71,1984,6,160,John Witkowski\WitkJo00,QB,22,DET,1984.0,1988.0,0,0,0,1.0,5.0,1.0,0-1-0,13.0,35.0,210.0,0.0,0.0,8.0,33.0,0.0,Columbia,College Stats,WitkJo00,6.0,1.0,200.0,2.96
72,1984,7,191,Scott Campbell\CampSc00,QB,22,PIT,1984.0,1990.0,0,0,1,8.0,45.0,13.0,2-11-0,224.0,454.0,2983.0,19.0,25.0,43.0,170.0,2.0,Purdue,College Stats,CampSc00,6.0,0.0,196.0,3.86
73,1984,11,281,Blair Kiel\KielBl00,QB,22,TAM,1984.0,1991.0,0,0,0,4.0,25.0,3.0,0-3-0,108.0,193.0,1296.0,8.0,7.0,16.0,105.0,1.0,Notre Dame,College Stats,KielBl00,6.0,0.0,209.0,4.92
74,1984,11,296,Kyle Mackey\MackKy00,QB,22,STL,1987.0,1989.0,0,0,0,3.0,7.0,4.0,1-3-0,68.0,134.0,729.0,3.0,6.0,19.0,101.0,2.0,Texas A&M-Commerce,,MackKy00,6.0,3.0,220.0,3.38
75,1983,1,1,John Elway HOF\ElwaJo00,QB,23,BAL,1983.0,1998.0,0,9,16,138.0,234.0,231.0,148-82-1,4123.0,7250.0,51475.0,300.0,226.0,774.0,3407.0,33.0,Stanford,College Stats,ElwaJo00,6.0,3.0,215.0,5.6
76,1983,1,7,Todd Blackledge\BlacTo00,QB,22,KAN,1983.0,1989.0,0,0,0,12.0,46.0,29.0,15-14-0,424.0,881.0,5286.0,29.0,38.0,81.0,325.0,2.0,Penn St.,College Stats,BlacTo00,6.0,3.0,225.0,3.75
77,1983,1,14,Jim Kelly HOF\KellJi00,QB,23,BUF,1986.0,1996.0,1,5,11,103.0,160.0,160.0,101-59-0,2874.0,4779.0,35467.0,237.0,175.0,304.0,1049.0,7.0,Miami (FL),College Stats,KellJi00,6.0,3.0,217.0,5.86
78,1983,1,15,Tony Eason\EasoTo00,QB,23,NWE,1983.0,1990.0,0,0,3,36.0,90.0,51.0,28-23-0,911.0,1564.0,11142.0,61.0,51.0,134.0,503.0,6.0,Illinois,College Stats,EasoTo00,6.0,4.0,212.0,5.01
79,1983,1,24,Ken O'Brien\OBriKe00,QB,22,NYJ,1984.0,1993.0,0,2,7,72.0,129.0,110.0,50-59-1,2110.0,3602.0,25094.0,128.0,98.0,174.0,394.0,0.0,California-Davis,,OBriKe00,6.0,4.0,210.0,5.21
80,1983,1,27,Dan Marino HOF\MariDa00,QB,21,MIA,1983.0,1999.0,3,9,16,145.0,242.0,240.0,147-93-0,4967.0,8358.0,61361.0,420.0,252.0,301.0,87.0,9.0,Pittsburgh,College Stats,MariDa00,6.0,4.0,224.0,6.55
81,1983,5,137,Jeff Christensen\ChriJe20,QB,23,CIN,1983.0,1987.0,0,0,0,2.0,4.0,2.0,1-1-0,24.0,58.0,297.0,1.0,3.0,12.0,39.0,0.0,East. Illinois,,ChriJe20,6.0,3.0,202.0,2.3
82,1983,6,162,Reggie Collier\CollRe20,QB,22,DAL,1986.0,1987.0,0,0,0,1.0,6.0,1.0,0-1-0,12.0,22.0,206.0,3.0,3.0,10.0,73.0,0.0,Southern Miss,College Stats,CollRe20,6.0,3.0,207.0,3.46
83,1983,6,168,Babe Laufenberg\LaufBa00,QB,23,WAS,1986.0,1990.0,0,0,0,4.0,16.0,7.0,2-5-0,93.0,211.0,1057.0,5.0,11.0,33.0,126.0,0.0,Indiana,College Stats,LaufBa00,6.0,2.0,198.0,2.05
84,1983,8,197,Gary Kubiak\KubiGa00,QB,22,DEN,1983.0,1991.0,0,0,0,7.0,119.0,5.0,3-2-0,173.0,298.0,1920.0,14.0,16.0,65.0,238.0,2.0,Texas A&M,College Stats,KubiGa00,6.0,0.0,192.0,3.78
85,1983,10,267,Tom Ramsey\RamsTo00,QB,22,NWE,1986.0,1989.0,0,0,0,5.0,28.0,5.0,2-3-0,108.0,214.0,1285.0,7.0,10.0,21.0,82.0,1.0,UCLA,College Stats,RamsTo00,6.0,1.0,189.0,3.65
86,1983,10,272,Bruce Mathison\MathBr00,QB,24,SDG,1983.0,1987.0,0,0,0,6.0,18.0,9.0,2-7-0,152.0,309.0,2177.0,7.0,20.0,34.0,245.0,1.0,Nebraska,College Stats,MathBr00,6.0,3.0,205.0,3.46
87,1983,11,280,Jim Bob Taylor\TaylJi20,QB,23,BAL,1983.0,1983.0,0,0,0,0.0,8.0,0.0,,1.0,2.0,20.0,0.0,1.0,,,,Georgia Tech,College Stats,TaylJi20,6.0,2.0,205.0,-12.5
88,1982,1,4,Art Schlichter\SchlAr00,QB,22,BAL,1982.0,1985.0,0,0,0,4.0,13.0,6.0,0-6-0,91.0,202.0,1006.0,3.0,11.0,22.0,161.0,1.0,Ohio St.,College Stats,SchlAr00,6.0,3.0,210.0,1.57
89,1982,1,5,Jim McMahon\McMaJi00,QB,23,CHI,1982.0,1996.0,0,1,9,57.0,119.0,97.0,67-30-0,1492.0,2573.0,18148.0,100.0,90.0,338.0,1631.0,16.0,BYU,College Stats,McMaJi00,6.0,1.0,195.0,5.27
90,1982,2,44,Oliver Luck\LuckOl00,QB,22,HOU,1983.0,1986.0,0,0,0,6.0,20.0,9.0,3-6-0,233.0,413.0,2544.0,13.0,21.0,44.0,237.0,1.0,West Virginia,College Stats,LuckOl00,6.0,2.0,196.0,3.58
91,1982,2,48,Matt Kofler\KoflMa00,QB,23,BUF,1982.0,1985.0,0,0,0,3.0,41.0,1.0,0-1-0,91.0,202.0,1156.0,7.0,11.0,20.0,159.0,1.0,San Diego St.,College Stats,KoflMa00,6.0,3.0,192.0,2.33
92,1982,4,84,Mike Pagel\PageMi00,QB,21,BAL,1982.0,1993.0,0,0,4,30.0,132.0,54.0,17-36-1,756.0,1509.0,9414.0,49.0,63.0,136.0,831.0,4.0,Arizona St.,College Stats,PageMi00,6.0,2.0,206.0,4.14
93,1982,6,149,Mike Kelley\KellMi21,QB,22,ATL,1987.0,1987.0,0,0,0,1.0,3.0,1.0,1-0-0,17.0,29.0,305.0,1.0,0.0,4.0,17.0,0.0,Georgia Tech,College Stats,KellMi21,6.0,3.0,195.0,10.6
94,1982,6,154,Mike Machurek\MachMi00,QB,22,DET,1984.0,1984.0,0,0,0,1.0,4.0,0.0,,14.0,43.0,193.0,0.0,6.0,1.0,9.0,0.0,Idaho St.,,MachMi00,6.0,1.0,205.0,-2.02
95,1982,9,251,Bryan Clark\ClarBr22,QB,22,SFO,1984.0,1984.0,0,0,0,0.0,1.0,0.0,,,,,,,,,,Michigan St.,College Stats,ClarBr22,6.0,2.0,198.0,
96,1982,11,291,Bob Holly\HollBo00,QB,22,WAS,1983.0,1985.0,0,0,0,1.0,10.0,0.0,,25.0,40.0,300.0,1.0,2.0,7.0,49.0,1.0,Princeton,College Stats,HollBo00,6.0,2.0,197.0,3.27
97,1981,1,6,Rich Campbell\CampRi00,QB,22,GNB,1981.0,1984.0,0,0,0,2.0,7.0,0.0,,31.0,68.0,386.0,3.0,9.0,2.0,2.0,0.0,California,College Stats,CampRi00,6.0,4.0,224.0,-0.21
98,1981,2,33,Neil Lomax\LomaNe00,QB,22,STL,1981.0,1988.0,0,2,7,71.0,108.0,101.0,47-52-2,1817.0,3153.0,22771.0,136.0,90.0,222.0,969.0,10.0,Portland St.,,LomaNe00,6.0,3.0,215.0,5.33
99,1981,4,90,Tom Flick\FlicTo00,QB,23,WAS,1981.0,1986.0,0,0,0,1.0,21.0,3.0,1-2-0,47.0,106.0,506.0,2.0,10.0,6.0,5.0,1.0,Washington,College Stats,FlicTo00,6.0,2.0,190.0,0.14
100,1981,4,98,Mark Herrmann\HerrMa00,QB,22,DEN,1982.0,1992.0,0,0,0,11.0,40.0,12.0,3-9-0,334.0,561.0,4015.0,16.0,36.0,35.0,-1.0,1.0,Purdue,College Stats,HerrMa00,6.0,4.0,200.0,3.73
101,1981,8,207,Mark Reed\ReedMa20,QB,22,NYG,1983.0,1983.0,0,0,0,0.0,1.0,0.0,,6.0,10.0,34.0,0.0,1.0,2.0,27.0,0.0,Moorhead State (MN),,ReedMa20,6.0,3.0,201.0,-1.1
102,1981,8,210,Wade Wilson\WilsWa00,QB,22,MIN,1981.0,1998.0,0,1,4,51.0,125.0,69.0,36-33-0,1391.0,2428.0,17283.0,99.0,102.0,239.0,1025.0,9.0,Texas A&M-Commerce,,WilsWa00,6.0,3.0,210.0,4.98
103,1981,11,292,Rick Trocano\TrocRi20,QB,22,PIT,1981.0,1982.0,0,0,0,0.0,8.0,0.0,,,,,,,,,,Pittsburgh,College Stats,TrocRi20,6.0,0.0,188.0,
104,1981,12,319,Bob Gagliano\GaglBo00,QB,23,KAN,1982.0,1992.0,0,0,0,13.0,32.0,13.0,7-6-0,249.0,486.0,3431.0,17.0,27.0,93.0,352.0,4.0,Utah St.,College Stats,GaglBo00,6.0,3.0,200.0,4.15
105,1980,1,15,Marc Wilson\WilsMa00,QB,23,OAK,1980.0,1990.0,0,0,5,35.0,126.0,60.0,32-28-0,1085.0,2081.0,14391.0,86.0,102.0,141.0,611.0,5.0,BYU,College Stats,WilsMa00,6.0,6.0,205.0,4.37
106,1980,1,28,Mark Malone\MaloMa00,QB,21,PIT,1980.0,1989.0,0,0,5,27.0,73.0,54.0,23-30-0,839.0,1648.0,10175.0,60.0,81.0,159.0,628.0,18.0,Arizona St.,College Stats,MaloMa00,6.0,4.0,223.0,4.07
107,1980,4,85,Eric Hipple\HippEr00,QB,22,DET,1980.0,1989.0,0,0,4,38.0,102.0,57.0,28-29-0,830.0,1546.0,10711.0,55.0,70.0,145.0,550.0,13.0,Utah St.,College Stats,HippEr00,6.0,2.0,196.0,4.38
108,1980,4,89,Rusty Lisch\LiscRu00,QB,23,STL,1980.0,1984.0,0,0,0,2.0,30.0,2.0,0-1-0,55.0,115.0,547.0,1.0,11.0,20.0,130.0,0.0,Notre Dame,College Stats,LiscRu00,6.0,3.0,213.0,-0.61
109,1980,4,101,Ed Luther\LuthEd00,QB,23,SDG,1980.0,1984.0,0,0,0,7.0,61.0,9.0,2-7-0,245.0,460.0,3187.0,12.0,23.0,20.0,-19.0,0.0,San Jose St.,College Stats,LuthEd00,6.0,3.0,206.0,4.61
110,1980,4,109,Paul McDonald\McDoPa00,QB,22,CLE,1980.0,1986.0,0,0,1,15.0,85.0,21.0,8-13-0,411.0,767.0,5269.0,24.0,37.0,37.0,6.0,1.0,USC,College Stats,McDoPa00,6.0,2.0,185.0,4.22
111,1980,5,133,Gary Hogeboom\HogeGa00,QB,22,DAL,1980.0,1989.0,0,0,2,22.0,79.0,37.0,18-19-0,743.0,1325.0,9436.0,49.0,60.0,83.0,161.0,4.0,Central Michigan,College Stats,HogeGa00,6.0,4.0,205.0,4.73
112,1980,6,145,Scott Brunner\BrunSc00,QB,23,NYG,1980.0,1985.0,0,0,2,17.0,73.0,30.0,12-18-0,512.0,1046.0,6457.0,29.0,54.0,72.0,137.0,1.0,Delaware,,BrunSc00,6.0,5.0,206.0,3.66
113,1980,7,182,Craig Bradshaw\BradCr20,QB,23,HOU,1980.0,1980.0,0,0,0,0.0,2.0,0.0,,,,,,,,,,Utah St.,College Stats,BradCr20,6.0,5.0,215.0,
114,1980,8,214,David Woodley\WoodDa00,QB,21,MIA,1980.0,1985.0,0,0,3,34.0,58.0,53.0,34-18-1,687.0,1300.0,8558.0,48.0,63.0,201.0,856.0,11.0,LSU,College Stats,WoodDa00,6.0,2.0,210.0,4.37
115,1980,9,242,Turk Schonert\SchoTu00,QB,23,CHI,1981.0,1989.0,0,0,0,12.0,72.0,12.0,7-5-0,311.0,504.0,3788.0,11.0,20.0,73.0,288.0,4.0,Stanford,College Stats,SchoTu00,6.0,1.0,191.0,4.53
116,1979,1,3,Jack Thompson\ThomJa00,QB,23,CIN,1979.0,1984.0,0,0,1,13.0,51.0,21.0,4-17-0,449.0,845.0,5315.0,33.0,45.0,70.0,262.0,6.0,Washington St.,College Stats,ThomJa00,6.0,3.0,217.0,3.5
117,1979,1,7,Phil Simms\SimmPh00,QB,23,NYG,1979.0,1993.0,0,2,11,91.0,164.0,159.0,95-64-0,2576.0,4647.0,33462.0,199.0,157.0,349.0,1252.0,6.0,Morehead St.,,SimmPh00,6.0,3.0,216.0,5.26
118,1979,1,23,Steve Fuller\FullSt00,QB,22,KAN,1979.0,1986.0,0,0,2,29.0,90.0,42.0,19-23-0,605.0,1066.0,7156.0,28.0,41.0,186.0,908.0,11.0,Clemson,College Stats,FullSt00,6.0,4.0,198.0,3.96
119,1979,3,82,Joe Montana HOF\MontJo01,QB,23,SFO,1979.0,1994.0,3,8,12,123.0,192.0,164.0,117-47-0,3409.0,5391.0,40551.0,273.0,139.0,457.0,1676.0,20.0,Notre Dame,College Stats,MontJo01,6.0,2.0,200.0,6.6
120,1979,4,97,Steve Dils\DilsSt00,QB,23,MIN,1979.0,1988.0,0,0,1,15.0,106.0,27.0,10-17-0,504.0,972.0,5816.0,27.0,32.0,45.0,71.0,1.0,Stanford,College Stats,DilsSt00,6.0,1.0,190.0,4.13
121,1979,5,116,Dan Manucci\ManuDa20,QB,22,BUF,1979.0,1987.0,0,0,0,0.0,19.0,1.0,0-1-0,12.0,27.0,132.0,0.0,2.0,7.0,35.0,0.0,Kansas St.,College Stats,ManuDa20,6.0,2.0,196.0,-0.94
122,1979,5,133,Chuck Fusina\FusiCh00,QB,22,TAM,1979.0,1986.0,0,0,0,0.0,14.0,0.0,,22.0,37.0,198.0,1.0,2.0,11.0,28.0,0.0,Penn St.,College Stats,FusiCh00,6.0,1.0,197.0,3.21
123,1979,6,154,Mike Moroski\MoroMi00,QB,22,ATL,1979.0,1986.0,0,0,0,7.0,69.0,9.0,3-6-0,241.0,425.0,2864.0,8.0,18.0,37.0,182.0,2.0,California-Davis,,MoroMi00,6.0,4.0,200.0,4.09
124,1979,9,231,Jeff Komlo\KomlJe00,QB,23,DET,1979.0,1983.0,0,0,1,5.0,25.0,16.0,2-14-0,218.0,437.0,2603.0,12.0,28.0,38.0,121.0,2.0,Delaware,,KomlJe00,6.0,2.0,200.0,2.38
125,1979,9,246,Jeff Rutledge\RutlJe00,QB,22,RAM,1979.0,1992.0,0,0,0,7.0,117.0,10.0,2-7-1,274.0,526.0,3628.0,16.0,29.0,52.0,93.0,1.0,Alabama,College Stats,RutlJe00,6.0,1.0,195.0,3.87
126,1978,1,17,Doug Williams\WillDo01,QB,23,TAM,1978.0,1989.0,0,0,6,56.0,88.0,81.0,38-42-1,1240.0,2507.0,16998.0,100.0,93.0,220.0,884.0,15.0,Grambling St.,College Stats,WillDo01,6.0,4.0,220.0,5.43
127,1978,2,50,Matt Cavanaugh\CavaMa00,QB,21,NWE,1979.0,1991.0,0,0,1,15.0,112.0,19.0,8-11-0,305.0,579.0,4332.0,28.0,30.0,60.0,213.0,3.0,Pittsburgh,College Stats,CavaMa00,6.0,2.0,212.0,4.82
128,1978,2,51,Guy Benjamin\BenjGu00,QB,23,MIA,1978.0,1983.0,0,0,0,1.0,19.0,0.0,,39.0,68.0,439.0,3.0,3.0,3.0,0.0,0.0,Stanford,College Stats,BenjGu00,6.0,4.0,210.0,4.5
129,1978,3,68,Mark Miller\MillMa00,QB,22,CLE,1978.0,1979.0,0,0,0,1.0,10.0,0.0,,15.0,47.0,243.0,1.0,5.0,8.0,61.0,1.0,Bowling Green,College Stats,MillMa00,6.0,2.0,176.0,-0.17
130,1978,3,73,Gifford Nielsen\NielGi00,QB,23,HOU,1978.0,1983.0,0,0,1,10.0,55.0,14.0,3-11-0,273.0,498.0,3255.0,20.0,22.0,29.0,89.0,0.0,BYU,College Stats,NielGi00,6.0,4.0,205.0,4.24
131,1978,4,105,Mark Manges\MangMa20,QB,22,RAM,1978.0,1978.0,0,0,0,0.0,1.0,0.0,,,,,,,,,,Maryland,College Stats,MangMa20,6.0,2.0,210.0,
132,1978,5,131,Rob Hertel\HertRo20,QB,23,CIN,1978.0,1978.0,0,0,0,0.0,3.0,0.0,,1.0,4.0,9.0,0.0,0.0,1.0,0.0,0.0,USC,College Stats,HertRo20,6.0,2.0,195.0,2.25
133,1978,8,200,Dennis Sproul\SproDe20,QB,22,GNB,1978.0,1978.0,0,0,0,0.0,6.0,0.0,,5.0,13.0,87.0,0.0,0.0,2.0,0.0,0.0,Arizona St.,College Stats,SproDe20,6.0,2.0,210.0,5.71
134,1978,11,281,Pat Ryan\RyanPa00,QB,22,NYJ,1978.0,1991.0,0,0,1,13.0,145.0,19.0,11-8-0,364.0,657.0,4320.0,31.0,35.0,53.0,156.0,1.0,Tennessee,College Stats,RyanPa00,6.0,3.0,210.0,4.28
135,1978,12,333,Bill Kenney\KennBi00,QB,23,MIA,1980.0,1988.0,0,1,7,51.0,106.0,77.0,34-43-0,1330.0,2430.0,17277.0,105.0,86.0,123.0,191.0,5.0,Northern Colorado,,KennBi00,6.0,4.0,211.0,5.34
136,1977,1,19,Steve Pisarkiewicz\PisaSt00,QB,23,STL,1978.0,1980.0,0,0,0,2.0,10.0,4.0,2-2-0,64.0,143.0,804.0,3.0,7.0,16.0,19.0,0.0,Missouri,College Stats,PisaSt00,6.0,2.0,205.0,2.73
137,1977,1,27,Tommy Kramer\KramTo00,QB,22,MIN,1977.0,1990.0,0,1,7,70.0,129.0,110.0,54-56-0,2012.0,3651.0,24777.0,159.0,158.0,214.0,531.0,8.0,Rice,College Stats,KramTo00,6.0,2.0,200.0,4.94
138,1977,2,54,Glenn Carano\CaraGl00,QB,21,DAL,1978.0,1983.0,0,0,0,1.0,36.0,1.0,1-0-0,21.0,57.0,304.0,3.0,1.0,12.0,15.0,0.0,UNLV,,CaraGl00,6.0,3.0,201.0,5.22
139,1977,4,91,Vince Ferragamo\FerrVi00,QB,23,RAM,1977.0,1986.0,0,0,4,32.0,75.0,53.0,27-26-0,902.0,1615.0,11336.0,76.0,91.0,60.0,77.0,3.0,Nebraska,College Stats,FerrVi00,6.0,3.0,212.0,4.68
140,1977,5,117,Randy Dean\DeanRa00,QB,22,NYG,1977.0,1979.0,0,0,0,2.0,23.0,3.0,1-2-0,30.0,65.0,279.0,1.0,5.0,22.0,150.0,1.0,Northwestern,College Stats,DeanRa00,6.0,3.0,195.0,0.5
141,1977,5,121,Cliff Stoudt\StouCl00,QB,22,PIT,1980.0,1989.0,0,0,1,16.0,66.0,20.0,9-11-0,359.0,684.0,4506.0,23.0,43.0,122.0,661.0,4.0,Youngstown St.,,StouCl00,6.0,4.0,215.0,3.34
142,1977,5,128,Cliff Olander\OlanCl00,QB,22,SDG,1977.0,1979.0,0,0,0,1.0,15.0,1.0,1-0-0,12.0,24.0,125.0,0.0,3.0,8.0,27.0,0.0,New Mexico St.,College Stats,OlanCl00,6.0,5.0,191.0,-1.19
143,1977,6,140,Vince Evans\EvanVi00,QB,22,CHI,1977.0,1995.0,0,0,2,29.0,100.0,39.0,14-25-0,704.0,1390.0,9485.0,52.0,74.0,212.0,1129.0,14.0,USC,College Stats,EvanVi00,6.0,2.0,215.0,4.17
144,1977,6,160,Tom Duniven\DuniTo20,QB,23,CIN,1977.0,1977.0,0,0,0,0.0,1.0,0.0,,,,,,,,,,Texas Tech,College Stats,DuniTo20,6.0,3.0,210.0,
145,1977,8,196,Randy Hedberg\HedbRa00,QB,22,TAM,1977.0,1977.0,0,0,0,1.0,7.0,4.0,0-4-0,25.0,90.0,244.0,0.0,10.0,9.0,35.0,0.0,Minot St.,,HedbRa00,6.0,3.0,200.0,-3.21
146,1977,8,206,David Whitehurst\WhitDa02,QB,22,GNB,1977.0,1983.0,0,0,2,20.0,54.0,37.0,16-20-1,504.0,980.0,6205.0,28.0,51.0,77.0,242.0,7.0,Furman,College Stats,WhitDa02,6.0,2.0,204.0,3.46
147,1977,9,227,Matt Robinson\RobiMa01,QB,22,NYJ,1977.0,1982.0,0,0,1,12.0,69.0,20.0,10-10-0,244.0,523.0,3519.0,18.0,38.0,58.0,117.0,4.0,Georgia,College Stats,RobiMa01,6.0,2.0,196.0,2.92
148,1977,10,254,Sam Adkins\AdkiSa00,QB,22,SEA,1977.0,1981.0,0,0,0,2.0,11.0,0.0,,17.0,39.0,232.0,2.0,4.0,14.0,63.0,0.0,Wichita St.,College Stats,AdkiSa00,6.0,2.0,214.0,0.4
149,1977,10,275,Steve DeBerg\DebeSt00,QB,23,DAL,1978.0,1998.0,0,0,11,79.0,206.0,140.0,53-86-1,2874.0,5024.0,34241.0,196.0,204.0,204.0,200.0,7.0,San Jose St.,,DebeSt00,6.0,3.0,210.0,4.98
150,1976,1,6,Richard Todd\ToddRi00,QB,22,NYJ,1976.0,1985.0,0,0,7,62.0,119.0,108.0,48-59-1,1610.0,2967.0,20610.0,124.0,161.0,259.0,932.0,14.0,Alabama,College Stats,ToddRi00,6.0,2.0,207.0,4.25
151,1976,2,47,Mike Kruczek\KrucMi00,QB,23,PIT,1976.0,1980.0,0,0,0,7.0,36.0,7.0,6-1-0,93.0,154.0,1185.0,0.0,8.0,37.0,138.0,2.0,Boston Col.,College Stats,KrucMi00,6.0,1.0,202.0,3.41
152,1976,2,50,Jeb Blount\BlouJe00,QB,22,OAK,1977.0,1977.0,0,0,0,1.0,5.0,4.0,0-4-0,37.0,89.0,522.0,0.0,7.0,5.0,26.0,0.0,Tulsa,,BlouJe00,6.0,3.0,200.0,0.4
153,1976,4,93,Steve Myer\MyerSt00,QB,22,SEA,1977.0,1979.0,0,0,0,4.0,12.0,4.0,1-3-0,83.0,160.0,851.0,6.0,14.0,9.0,11.0,0.0,New Mexico,,MyerSt00,6.0,2.0,191.0,1.54
154,1976,4,107,Craig Penrose\PenrCr00,QB,23,DEN,1976.0,1979.0,0,0,0,3.0,18.0,4.0,3-1-0,55.0,117.0,711.0,5.0,12.0,7.0,21.0,0.0,San Diego St.,College Stats,PenrCr00,6.0,3.0,211.0,1.82
155,1976,5,143,Mike Kirkland\KirkMi00,QB,22,BAL,1978.0,1978.0,0,0,0,1.0,16.0,2.0,0-2-0,19.0,41.0,211.0,1.0,8.0,8.0,35.0,0.0,Arkansas,College Stats,KirkMi00,6.0,1.0,195.0,-3.98
156,1976,6,177,Scott Bull\BullSc00,QB,23,SFO,1976.0,1978.0,0,0,0,5.0,36.0,7.0,3-4-0,76.0,193.0,992.0,3.0,17.0,49.0,186.0,3.0,Arkansas,College Stats,BullSc00,6.0,5.0,211.0,0.16
157,1976,7,183,Parnell Dickinson\DickPa00,QB,23,TAM,1976.0,1976.0,0,0,0,1.0,8.0,1.0,0-1-0,15.0,39.0,210.0,1.0,5.0,13.0,103.0,0.0,Miss. Valley St.,,DickPa00,6.0,2.0,185.0,-2.25
158,1976,12,333,Jerry Golsteyn\GolsJe00,QB,22,NYG,1977.0,1983.0,0,0,0,2.0,21.0,9.0,2-7-0,92.0,217.0,1077.0,2.0,13.0,10.0,-4.0,0.0,Northern Illinois,,GolsJe00,6.0,4.0,207.0,1.16
159,1975,1,1,Steve Bartkowski\BartSt00,QB,22,ATL,1975.0,1986.0,0,2,10,70.0,129.0,127.0,59-68-0,1932.0,3456.0,24124.0,156.0,144.0,178.0,239.0,11.0,California,College Stats,BartSt00,6.0,4.0,216.0,4.67
160,1975,5,116,Steve Grogan\GrogSt00,QB,22,NWE,1975.0,1990.0,0,0,10,90.0,149.0,135.0,75-60-0,1879.0,3593.0,26886.0,182.0,208.0,445.0,2176.0,35.0,Kansas St.,College Stats,GrogSt00,6.0,4.0,210.0,4.99
161,1975,5,128,David Humm\HummDa00,QB,23,OAK,1975.0,1984.0,0,0,0,2.0,95.0,1.0,0-1-0,63.0,137.0,753.0,3.0,8.0,16.0,28.0,0.0,Nebraska,College Stats,HummDa00,6.0,2.0,188.0,2.37
162,1975,6,135,Bob Avellini\AvelBo00,QB,22,CHI,1975.0,1984.0,0,0,3,28.0,73.0,50.0,23-27-0,560.0,1110.0,7111.0,33.0,69.0,104.0,225.0,5.0,Maryland,College Stats,AvelBo00,6.0,2.0,208.0,3.04
163,1975,7,160,Steve Joachim\JoacSt20,QB,23,BAL,1976.0,1976.0,0,0,0,0.0,1.0,0.0,,,,,,,,,,Temple,College Stats,JoacSt20,6.0,3.0,215.0,
164,1975,7,176,Pat Haden\HadePa00,QB,22,RAM,1976.0,1981.0,0,1,4,33.0,65.0,55.0,35-19-1,731.0,1363.0,9296.0,52.0,60.0,124.0,609.0,6.0,USC,College Stats,HadePa00,5.0,11.0,182.0,4.57
165,1975,12,296,Carlos Brown\BrowCa00,QB,23,GNB,1975.0,1976.0,0,0,0,2.0,26.0,3.0,0-3-0,29.0,78.0,396.0,3.0,6.0,12.0,49.0,0.0,Pacific,College Stats,BrowCa00,6.0,3.0,210.0,1.36
166,1975,17,423,Neal Jeffrey\JeffNe00,QB,22,SDG,1976.0,1976.0,0,0,0,0.0,5.0,0.0,,2.0,2.0,11.0,0.0,0.0,1.0,0.0,0.0,Baylor,College Stats,JeffNe00,6.0,1.0,180.0,5.5
167,1974,3,53,Danny White\WhitDa01,QB,22,DAL,1976.0,1988.0,0,1,6,84.0,166.0,92.0,62-30-0,1761.0,2950.0,21959.0,155.0,132.0,159.0,482.0,8.0,Arizona St.,College Stats,WhitDa01,6.0,2.0,193.0,5.34
168,1974,3,66,David Jaynes\JaynDa00,QB,21,KAN,1974.0,1974.0,0,0,0,0.0,2.0,0.0,,0.0,2.0,0.0,0.0,1.0,1.0,0.0,0.0,Kansas,College Stats,JaynDa00,6.0,2.0,212.0,-22.5
169,1974,3,69,Kim McQuilken\McQuKi00,QB,23,ATL,1974.0,1979.0,0,0,0,4.0,26.0,7.0,2-5-0,108.0,272.0,1135.0,4.0,29.0,19.0,49.0,0.0,Lehigh,,McQuKi00,6.0,2.0,203.0,-1.36
170,1974,3,70,Gary Marangi\MaraGa00,QB,22,BUF,1974.0,1976.0,0,0,1,3.0,19.0,7.0,0-7-0,104.0,283.0,1373.0,12.0,21.0,50.0,328.0,2.0,Boston Col.,College Stats,MaraGa00,6.0,1.0,201.0,1.58
171,1974,4,80,Carl Summerell\SummCa00,QB,22,NYG,1974.0,1975.0,0,0,0,0.0,10.0,0.0,,13.0,29.0,157.0,0.0,5.0,5.0,12.0,0.0,East Carolina,College Stats,SummCa00,6.0,4.0,208.0,-3.06
172,1974,4,87,Mike Boryla\BoryMi00,QB,23,CIN,1974.0,1978.0,0,1,1,8.0,23.0,19.0,8-11-0,272.0,519.0,2838.0,20.0,29.0,43.0,224.0,2.0,Stanford,College Stats,BoryMi00,6.0,3.0,200.0,2.7
173,1974,4,99,Norris Weese\WeesNo00,QB,23,RAM,1976.0,1979.0,0,0,0,9.0,57.0,7.0,5-2-0,143.0,251.0,1887.0,7.0,14.0,69.0,362.0,5.0,Mississippi,College Stats,WeesNo00,6.0,1.0,195.0,4.03
174,1974,6,133,Jesse Freitas\FreiJe00,QB,22,SDG,1974.0,1975.0,0,0,0,5.0,13.0,7.0,2-5-0,98.0,219.0,1244.0,8.0,13.0,17.0,72.0,0.0,San Diego St.,College Stats,FreiJe00,6.0,1.0,203.0,2.42
175,1974,13,316,Joe Barnes\BarnJo01,QB,22,CHI,1974.0,1974.0,0,0,0,0.0,3.0,0.0,,2.0,9.0,29.0,0.0,1.0,1.0,19.0,0.0,Texas Tech,College Stats,BarnJo01,5.0,11.0,205.0,-3.83
176,1974,13,322,Tom Owen\OwenTo00,QB,22,SFO,1974.0,1981.0,0,0,1,9.0,26.0,9.0,4-5-0,170.0,349.0,2300.0,14.0,26.0,19.0,36.0,1.0,Wichita St.,College Stats,OwenTo00,6.0,1.0,195.0,2.75
177,1974,15,373,Larry Cipa\CipaLa00,QB,22,NOR,1974.0,1975.0,0,0,0,1.0,8.0,3.0,1-2-0,34.0,92.0,424.0,1.0,3.0,18.0,37.0,1.0,Michigan,College Stats,CipaLa00,6.0,3.0,209.0,2.62
178,1973,1,2,Bert Jones\JoneBe00,QB,22,BAL,1973.0,1982.0,1,1,6,81.0,102.0,96.0,47-49-0,1430.0,2551.0,18190.0,124.0,101.0,247.0,1429.0,14.0,LSU,College Stats,JoneBe00,6.0,3.0,210.0,5.07
179,1973,2,33,Gary Huff\HuffGa00,QB,22,CHI,1973.0,1978.0,0,0,3,10.0,57.0,28.0,7-21-0,392.0,788.0,4329.0,16.0,50.0,50.0,86.0,2.0,Florida St.,College Stats,HuffGa00,6.0,1.0,195.0,1.82
180,1973,2,37,Ron Jaworski\JawoRo00,QB,22,RAM,1974.0,1989.0,0,1,10,84.0,188.0,143.0,73-69-1,2187.0,4117.0,28190.0,179.0,164.0,257.0,859.0,16.0,Youngstown St.,,JawoRo00,6.0,2.0,196.0,4.81
181,1973,2,45,Gary Keithley\KeitGa00,QB,22,STL,1973.0,1973.0,0,0,0,3.0,14.0,2.0,1-1-0,32.0,73.0,369.0,1.0,5.0,8.0,29.0,0.0,Texas-El Paso,College Stats,KeitGa00,6.0,3.0,210.0,1.58
182,1973,3,57,Joe Ferguson\FergJo00,QB,23,BUF,1973.0,1990.0,0,0,11,81.0,186.0,171.0,79-92-0,2369.0,4519.0,29817.0,196.0,209.0,353.0,1217.0,11.0,Arkansas,College Stats,FergJo00,6.0,1.0,195.0,4.48
183,1973,3,64,Dan Fouts HOF\FoutDa00,QB,22,SDG,1973.0,1987.0,2,6,14,122.0,181.0,171.0,86-84-1,3297.0,5604.0,43040.0,254.0,242.0,224.0,476.0,13.0,Oregon,College Stats,FoutDa00,6.0,3.0,204.0,5.9
184,1973,4,80,Mike Wells\WellMi21,QB,22,MIN,1977.0,1977.0,0,0,0,0.0,7.0,0.0,,,,,,,,,,Illinois,College Stats,WellMi21,6.0,5.0,225.0,
185,1973,5,111,Don Strock\StroDo00,QB,22,MIA,1974.0,1988.0,0,0,0,18.0,167.0,22.0,16-6-0,443.0,779.0,5349.0,45.0,42.0,57.0,18.0,2.0,Virginia Tech,College Stats,StroDo00,6.0,5.0,220.0,4.95
186,1973,8,205,Mike Rae\RaexMi00,QB,22,OAK,1976.0,1979.0,0,0,0,9.0,28.0,8.0,4-4-0,124.0,249.0,1536.0,12.0,14.0,44.0,300.0,2.0,USC,College Stats,RaexMi00,6.0,0.0,193.0,2.17
187,1973,14,343,Tony Adams\AdamTo00,QB,23,SDG,1975.0,1987.0,0,0,0,9.0,53.0,10.0,1-9-0,212.0,408.0,2733.0,12.0,27.0,38.0,155.0,0.0,Utah St.,,AdamTo00,6.0,0.0,198.0,2.81
188,1973,14,348,John Hufnagel\HufnJo00,QB,21,DEN,1974.0,1975.0,0,0,0,2.0,9.0,1.0,0-1-0,22.0,61.0,357.0,1.0,9.0,10.0,69.0,0.0,Penn St.,College Stats,HufnJo00,6.0,1.0,194.0,-1.59
189,1973,14,357,Dennis Morrison\MorrDe00,QB,22,SFO,1974.0,1974.0,0,0,0,1.0,3.0,2.0,0-2-0,21.0,51.0,227.0,1.0,5.0,1.0,0.0,0.0,Kansas St.,College Stats,MorrDe00,6.0,3.0,211.0,0.43
190,1972,1,11,Jerry Tagge\TaggJe00,QB,22,GNB,1972.0,1974.0,0,0,1,8.0,18.0,12.0,6-6-0,136.0,281.0,1583.0,3.0,17.0,41.0,117.0,3.0,Nebraska,College Stats,TaggJe00,6.0,2.0,220.0,2.56
191,1972,1,14,John Reaves\ReavJo00,QB,22,PHI,1972.0,1987.0,0,0,0,10.0,51.0,17.0,4-13-0,286.0,616.0,3617.0,17.0,34.0,44.0,195.0,3.0,Florida,College Stats,ReavJo00,6.0,3.0,210.0,2.83
192,1972,2,40,Pat Sullivan\SullPa00,QB,22,ATL,1972.0,1975.0,0,0,0,3.0,30.0,4.0,0-4-0,93.0,220.0,1155.0,5.0,16.0,14.0,55.0,0.0,Auburn,College Stats,SullPa00,6.0,0.0,198.0,1.42
193,1972,7,179,Dean Carlson\CarlDe00,QB,22,KAN,1974.0,1974.0,0,0,0,0.0,1.0,0.0,,7.0,15.0,116.0,0.0,1.0,2.0,17.0,0.0,Iowa St.,College Stats,CarlDe00,6.0,3.0,210.0,3.41
194,1972,11,273,Joe Gilliam\GillJo00,QB,21,PIT,1972.0,1975.0,0,0,0,10.0,20.0,7.0,4-2-1,147.0,331.0,2103.0,9.0,17.0,22.0,64.0,1.0,Tennessee St.,,GillJo00,6.0,2.0,187.0,4.12
195,1972,13,330,Brian Sipe\SipeBr00,QB,23,CLE,1974.0,1983.0,1,1,8,75.0,125.0,112.0,57-55-0,1944.0,3439.0,23713.0,154.0,149.0,223.0,762.0,11.0,San Diego St.,,SipeBr00,6.0,1.0,195.0,4.97
196,1972,16,414,Neil Graff\GrafNe00,QB,22,MIN,1974.0,1977.0,0,0,0,1.0,29.0,2.0,0-2-0,25.0,48.0,288.0,2.0,3.0,7.0,5.0,0.0,Wisconsin,College Stats,GrafNe00,6.0,3.0,205.0,2.81
197,1971,1,1,Jim Plunkett\PlunJi00,QB,23,NWE,1971.0,1986.0,0,0,10,85.0,157.0,144.0,72-72-0,1943.0,3701.0,25882.0,164.0,198.0,323.0,1337.0,14.0,Stanford,College Stats,PlunJi00,6.0,3.0,220.0,4.16
198,1971,1,2,Archie Manning\MannAr00,QB,22,NOR,1971.0,1984.0,0,2,11,75.0,151.0,139.0,35-101-3,2011.0,3642.0,23911.0,125.0,173.0,384.0,2197.0,18.0,Mississippi,College Stats,MannAr00,6.0,3.0,212.0,3.85
199,1971,1,3,Dan Pastorini\PastDa00,QB,22,HOU,1971.0,1983.0,0,1,9,60.0,140.0,117.0,56-61-0,1556.0,3055.0,18515.0,103.0,161.0,216.0,685.0,8.0,Santa Clara,,PastDa00,6.0,2.0,208.0,3.36
200,1971,3,56,Lynn Dickey\DickLy00,QB,21,HOU,1971.0,1985.0,0,0,8,65.0,152.0,111.0,45-63-3,1747.0,3125.0,23322.0,141.0,179.0,140.0,121.0,9.0,Kansas St.,College Stats,DickLy00,6.0,3.0,214.0,4.58
201,1971,3,59,Leo Hart\HartLe00,QB,22,ATL,1971.0,1972.0,0,0,0,0.0,3.0,1.0,0-1-0,6.0,16.0,53.0,0.0,3.0,5.0,19.0,0.0,Duke,College Stats,HartLe00,6.0,3.0,203.0,-5.7
202,1971,3,67,Ken Anderson\AndeKe00,QB,22,CIN,1971.0,1986.0,1,4,13,121.0,192.0,172.0,91-81-0,2654.0,4475.0,32838.0,197.0,160.0,397.0,2220.0,20.0,Augustana (IL),,AndeKe00,6.0,2.0,212.0,5.48
203,1971,4,99,Joe Theismann\TheiJo00,QB,21,MIA,1974.0,1985.0,1,2,8,87.0,167.0,124.0,77-47-0,2044.0,3602.0,25206.0,160.0,138.0,355.0,1815.0,17.0,Notre Dame,College Stats,TheiJo00,6.0,0.0,192.0,4.93
204,1971,6,140,Scott Hunter\HuntSc00,QB,23,GNB,1971.0,1979.0,0,0,4,20.0,64.0,42.0,21-18-3,335.0,748.0,4756.0,23.0,38.0,95.0,204.0,13.0,Alabama,College Stats,HuntSc00,6.0,2.0,205.0,3.78
205,1971,11,283,Joe Reed\ReedJo00,QB,23,SFO,1972.0,1979.0,0,0,1,12.0,50.0,19.0,9-10-0,225.0,513.0,2825.0,18.0,31.0,84.0,484.0,2.0,Mississippi St.,College Stats,ReedJo00,6.0,1.0,195.0,2.4
206,1971,14,340,Bobby Scott\ScotBo00,QB,22,NOR,1973.0,1981.0,0,0,1,9.0,41.0,14.0,4-10-0,237.0,500.0,2781.0,15.0,28.0,30.0,74.0,1.0,Tennessee,College Stats,ScotBo00,6.0,1.0,201.0,2.54
207,1970,1,1,Terry Bradshaw HOF\BradTe00,QB,22,PIT,1970.0,1983.0,1,3,13,106.0,168.0,158.0,107-51-0,2025.0,3901.0,27989.0,212.0,210.0,444.0,2257.0,32.0,Louisiana Tech,,BradTe00,6.0,3.0,215.0,4.77
208,1970,1,3,Mike Phipps\PhipMi00,QB,22,CLE,1970.0,1981.0,0,0,5,40.0,119.0,71.0,38-31-2,886.0,1799.0,10506.0,55.0,108.0,254.0,1278.0,13.0,Purdue,College Stats,PhipMi00,6.0,3.0,208.0,2.65
209,1970,2,30,Dennis Shaw\ShawDe00,QB,23,BUF,1970.0,1975.0,0,0,3,19.0,50.0,37.0,8-27-2,489.0,924.0,6347.0,35.0,68.0,95.0,420.0,0.0,San Diego St.,College Stats,ShawDe00,6.0,3.0,217.0,2.78
210,1970,2,51,Bill Cappleman\CappBi00,QB,23,MIN,1970.0,1973.0,0,0,0,0.0,8.0,0.0,,9.0,18.0,82.0,0.0,1.0,1.0,-2.0,0.0,Florida St.,College Stats,CappBi00,6.0,3.0,210.0,2.06
211,1970,5,126,Steve Ramsey\RamsSt00,QB,22,NOR,1970.0,1976.0,0,0,2,23.0,54.0,31.0,14-17-0,456.0,921.0,6437.0,35.0,58.0,33.0,108.0,2.0,North Texas,College Stats,RamsSt00,6.0,2.0,210.0,3.62
212,1970,8,198,Wayne Clark\ClarWa00,QB,23,SDG,1970.0,1975.0,0,0,0,2.0,40.0,5.0,1-4-0,52.0,120.0,745.0,0.0,14.0,16.0,86.0,1.0,U.S. International,,ClarWa00,6.0,2.0,203.0,0.07
213,1970,10,251,Frank Patrick\PatrFr00,QB,23,GNB,1970.0,1972.0,0,0,0,0.0,4.0,0.0,,8.0,23.0,107.0,0.0,2.0,2.0,5.0,0.0,Nebraska,College Stats,PatrFr00,6.0,7.0,225.0,-1.63
